inst#,actual,predicted,error,prediction
1,1:Bachelors,1:Bachelors,,0.8
2,1:Bachelors,1:Bachelors,,0.999
3,1:Bachelors,1:Bachelors,,1
4,1:Bachelors,1:Bachelors,,0.999
5,1:Bachelors,1:Bachelors,,0.999
6,1:Bachelors,1:Bachelors,,0.999
7,1:Bachelors,2:Masters,+,0.999
8,2:Masters,2:Masters,,0.999
9,2:Masters,1:Bachelors,+,0.999
10,1:Bachelors,1:Bachelors,,0.999
11,1:Bachelors,1:Bachelors,,0.999
12,1:Bachelors,1:Bachelors,,1
13,1:Bachelors,1:Bachelors,,0.999
14,2:Masters,2:Masters,,0.999
15,1:Bachelors,1:Bachelors,,0.999
16,1:Bachelors,1:Bachelors,,0.999
17,1:Bachelors,1:Bachelors,,0.857
18,1:Bachelors,1:Bachelors,,1
19,1:Bachelors,1:Bachelors,,0.999
20,1:Bachelors,1:Bachelors,,1
21,1:Bachelors,1:Bachelors,,0.999
22,1:Bachelors,1:Bachelors,,0.944
23,2:Masters,2:Masters,,1
24,1:Bachelors,1:Bachelors,,0.667
25,1:Bachelors,1:Bachelors,,1
26,1:Bachelors,1:Bachelors,,1
27,1:Bachelors,1:Bachelors,,1
28,1:Bachelors,1:Bachelors,,1
29,1:Bachelors,1:Bachelors,,0.999
30,1:Bachelors,1:Bachelors,,0.5
31,1:Bachelors,1:Bachelors,,0.999
32,1:Bachelors,1:Bachelors,,0.999
33,1:Bachelors,1:Bachelors,,1
34,1:Bachelors,1:Bachelors,,0.999
35,2:Masters,2:Masters,,1
36,2:Masters,2:Masters,,0.999
37,1:Bachelors,1:Bachelors,,0.999
38,2:Masters,1:Bachelors,+,0.999
39,1:Bachelors,1:Bachelors,,0.999
40,1:Bachelors,1:Bachelors,,0.857
41,1:Bachelors,1:Bachelors,,0.999
42,1:Bachelors,1:Bachelors,,0.999
43,1:Bachelors,1:Bachelors,,1
44,1:Bachelors,1:Bachelors,,1
45,1:Bachelors,1:Bachelors,,0.999
46,2:Masters,1:Bachelors,+,0.5
47,1:Bachelors,2:Masters,+,0.999
48,1:Bachelors,1:Bachelors,,0.999
49,1:Bachelors,1:Bachelors,,0.999
50,1:Bachelors,1:Bachelors,,0.5
51,1:Bachelors,1:Bachelors,,1
52,1:Bachelors,1:Bachelors,,1
53,1:Bachelors,1:Bachelors,,0.999
54,1:Bachelors,1:Bachelors,,1
55,1:Bachelors,1:Bachelors,,0.999
56,2:Masters,2:Masters,,0.999
57,3:PHD,1:Bachelors,+,0.999
58,1:Bachelors,2:Masters,+,0.999
59,2:Masters,2:Masters,,1
60,1:Bachelors,1:Bachelors,,0.667
61,1:Bachelors,1:Bachelors,,1
62,1:Bachelors,1:Bachelors,,0.75
63,1:Bachelors,1:Bachelors,,0.999
64,3:PHD,1:Bachelors,+,0.999
65,1:Bachelors,1:Bachelors,,1
66,3:PHD,1:Bachelors,+,1
67,1:Bachelors,1:Bachelors,,0.999
68,1:Bachelors,1:Bachelors,,0.999
69,1:Bachelors,1:Bachelors,,0.999
70,2:Masters,2:Masters,,0.999
71,1:Bachelors,1:Bachelors,,0.999
72,2:Masters,1:Bachelors,+,0.636
73,1:Bachelors,1:Bachelors,,1
74,1:Bachelors,2:Masters,+,0.999
75,1:Bachelors,1:Bachelors,,0.5
76,2:Masters,3:PHD,+,0.999
77,2:Masters,1:Bachelors,+,0.999
78,2:Masters,1:Bachelors,+,0.999
79,1:Bachelors,1:Bachelors,,0.999
80,2:Masters,2:Masters,,1
81,1:Bachelors,1:Bachelors,,0.999
82,2:Masters,1:Bachelors,+,1
83,2:Masters,2:Masters,,0.999
84,1:Bachelors,1:Bachelors,,0.75
85,1:Bachelors,1:Bachelors,,1
86,1:Bachelors,1:Bachelors,,0.999
87,1:Bachelors,1:Bachelors,,1
88,1:Bachelors,1:Bachelors,,1
89,1:Bachelors,1:Bachelors,,0.75
90,2:Masters,2:Masters,,0.999
91,3:PHD,2:Masters,+,0.999
92,1:Bachelors,1:Bachelors,,1
93,1:Bachelors,1:Bachelors,,0.999
94,2:Masters,3:PHD,+,0.999
95,1:Bachelors,1:Bachelors,,0.5
96,1:Bachelors,1:Bachelors,,0.999
97,1:Bachelors,1:Bachelors,,0.999
98,1:Bachelors,3:PHD,+,0.999
99,2:Masters,2:Masters,,0.999
100,1:Bachelors,1:Bachelors,,1
101,1:Bachelors,1:Bachelors,,1
102,1:Bachelors,1:Bachelors,,0.857
103,1:Bachelors,1:Bachelors,,0.5
104,1:Bachelors,1:Bachelors,,0.999
105,1:Bachelors,1:Bachelors,,0.999
106,1:Bachelors,2:Masters,+,0.857
107,1:Bachelors,1:Bachelors,,0.999
108,1:Bachelors,1:Bachelors,,1
109,1:Bachelors,1:Bachelors,,0.999
110,1:Bachelors,2:Masters,+,1
111,1:Bachelors,1:Bachelors,,0.875
112,1:Bachelors,1:Bachelors,,0.999
113,1:Bachelors,1:Bachelors,,0.999
114,1:Bachelors,2:Masters,+,0.999
115,1:Bachelors,1:Bachelors,,0.999
116,1:Bachelors,1:Bachelors,,1
117,1:Bachelors,1:Bachelors,,0.846
118,1:Bachelors,1:Bachelors,,1
119,1:Bachelors,1:Bachelors,,0.999
120,1:Bachelors,3:PHD,+,0.999
121,1:Bachelors,1:Bachelors,,1
122,2:Masters,2:Masters,,1
123,1:Bachelors,1:Bachelors,,0.9
124,1:Bachelors,1:Bachelors,,0.999
125,1:Bachelors,1:Bachelors,,0.999
126,1:Bachelors,1:Bachelors,,1
127,1:Bachelors,1:Bachelors,,0.999
128,1:Bachelors,1:Bachelors,,0.999
129,1:Bachelors,1:Bachelors,,1
130,1:Bachelors,1:Bachelors,,0.857
131,1:Bachelors,1:Bachelors,,0.999
132,1:Bachelors,1:Bachelors,,1
133,1:Bachelors,1:Bachelors,,0.999
134,1:Bachelors,1:Bachelors,,0.833
135,1:Bachelors,1:Bachelors,,0.999
136,1:Bachelors,1:Bachelors,,1
137,1:Bachelors,2:Masters,+,0.999
138,2:Masters,1:Bachelors,+,0.999
139,1:Bachelors,1:Bachelors,,1
140,2:Masters,1:Bachelors,+,0.625
141,1:Bachelors,1:Bachelors,,0.999
142,1:Bachelors,1:Bachelors,,0.999
143,2:Masters,2:Masters,,1
144,1:Bachelors,1:Bachelors,,1
145,2:Masters,2:Masters,,0.999
146,1:Bachelors,1:Bachelors,,0.875
147,2:Masters,3:PHD,+,0.999
148,1:Bachelors,1:Bachelors,,0.667
149,1:Bachelors,1:Bachelors,,1
150,1:Bachelors,1:Bachelors,,0.999
151,1:Bachelors,2:Masters,+,0.999
152,2:Masters,3:PHD,+,0.667
153,1:Bachelors,1:Bachelors,,0.999
154,1:Bachelors,1:Bachelors,,0.636
155,1:Bachelors,1:Bachelors,,0.999
156,2:Masters,2:Masters,,0.999
157,1:Bachelors,1:Bachelors,,1
158,1:Bachelors,1:Bachelors,,0.999
159,2:Masters,1:Bachelors,+,0.999
160,1:Bachelors,1:Bachelors,,0.999
161,1:Bachelors,1:Bachelors,,0.5
162,1:Bachelors,1:Bachelors,,0.75
163,1:Bachelors,1:Bachelors,,1
164,1:Bachelors,2:Masters,+,0.999
165,2:Masters,2:Masters,,0.999
166,1:Bachelors,1:Bachelors,,0.999
167,2:Masters,1:Bachelors,+,0.5
168,1:Bachelors,1:Bachelors,,1
169,1:Bachelors,1:Bachelors,,1
170,1:Bachelors,1:Bachelors,,0.999
171,1:Bachelors,1:Bachelors,,0.9
172,1:Bachelors,1:Bachelors,,0.999
173,1:Bachelors,1:Bachelors,,0.999
174,2:Masters,1:Bachelors,+,0.5
175,1:Bachelors,1:Bachelors,,1
176,1:Bachelors,1:Bachelors,,0.999
177,1:Bachelors,1:Bachelors,,1
178,1:Bachelors,1:Bachelors,,0.999
179,1:Bachelors,1:Bachelors,,0.999
180,1:Bachelors,1:Bachelors,,0.5
181,1:Bachelors,2:Masters,+,0.999
182,1:Bachelors,1:Bachelors,,0.999
183,1:Bachelors,1:Bachelors,,1
184,1:Bachelors,1:Bachelors,,1
185,2:Masters,2:Masters,,0.999
186,1:Bachelors,1:Bachelors,,0.944
187,1:Bachelors,1:Bachelors,,0.5
188,1:Bachelors,1:Bachelors,,1
189,3:PHD,2:Masters,+,0.999
190,1:Bachelors,1:Bachelors,,1
191,1:Bachelors,1:Bachelors,,1
192,2:Masters,2:Masters,,1
193,1:Bachelors,1:Bachelors,,0.9
194,1:Bachelors,1:Bachelors,,0.5
195,1:Bachelors,1:Bachelors,,1
196,2:Masters,2:Masters,,0.999
197,1:Bachelors,1:Bachelors,,1
198,1:Bachelors,1:Bachelors,,0.999
199,1:Bachelors,1:Bachelors,,0.667
200,1:Bachelors,1:Bachelors,,0.999
201,1:Bachelors,2:Masters,+,0.999
202,1:Bachelors,1:Bachelors,,0.999
203,2:Masters,1:Bachelors,+,1
204,1:Bachelors,1:Bachelors,,1
205,2:Masters,2:Masters,,0.999
206,1:Bachelors,1:Bachelors,,0.999
207,2:Masters,1:Bachelors,+,0.999
208,2:Masters,2:Masters,,1
209,1:Bachelors,1:Bachelors,,0.583
210,1:Bachelors,1:Bachelors,,0.999
211,1:Bachelors,1:Bachelors,,0.833
212,1:Bachelors,1:Bachelors,,0.999
213,1:Bachelors,1:Bachelors,,0.999
214,1:Bachelors,1:Bachelors,,0.999
215,1:Bachelors,1:Bachelors,,1
216,2:Masters,2:Masters,,0.999
217,1:Bachelors,1:Bachelors,,1
218,1:Bachelors,1:Bachelors,,1
219,1:Bachelors,1:Bachelors,,0.999
220,2:Masters,2:Masters,,0.999
221,1:Bachelors,1:Bachelors,,1
222,1:Bachelors,1:Bachelors,,0.999
223,1:Bachelors,1:Bachelors,,0.999
224,1:Bachelors,1:Bachelors,,1
225,1:Bachelors,2:Masters,+,1
226,1:Bachelors,1:Bachelors,,0.999
227,1:Bachelors,1:Bachelors,,1
228,1:Bachelors,1:Bachelors,,1
229,1:Bachelors,1:Bachelors,,0.999
230,1:Bachelors,1:Bachelors,,0.5
231,1:Bachelors,1:Bachelors,,0.999
232,1:Bachelors,1:Bachelors,,0.999
233,1:Bachelors,1:Bachelors,,0.75
234,1:Bachelors,1:Bachelors,,0.999
235,1:Bachelors,1:Bachelors,,0.999
236,1:Bachelors,1:Bachelors,,1
237,1:Bachelors,1:Bachelors,,0.999
238,1:Bachelors,1:Bachelors,,0.636
239,1:Bachelors,1:Bachelors,,0.999
240,1:Bachelors,1:Bachelors,,1
241,1:Bachelors,1:Bachelors,,0.999
242,2:Masters,2:Masters,,1
243,1:Bachelors,1:Bachelors,,0.999
244,1:Bachelors,1:Bachelors,,0.5
245,1:Bachelors,1:Bachelors,,0.999
246,2:Masters,2:Masters,,0.999
247,1:Bachelors,1:Bachelors,,1
248,1:Bachelors,2:Masters,+,0.999
249,1:Bachelors,1:Bachelors,,0.999
250,1:Bachelors,1:Bachelors,,0.999
251,1:Bachelors,1:Bachelors,,0.999
252,1:Bachelors,1:Bachelors,,0.999
253,2:Masters,2:Masters,,0.999
254,1:Bachelors,1:Bachelors,,0.999
255,1:Bachelors,3:PHD,+,0.999
256,2:Masters,2:Masters,,0.999
257,2:Masters,2:Masters,,1
258,1:Bachelors,1:Bachelors,,1
259,1:Bachelors,1:Bachelors,,0.999
260,3:PHD,1:Bachelors,+,0.999
261,1:Bachelors,1:Bachelors,,0.667
262,3:PHD,1:Bachelors,+,0.999
263,1:Bachelors,1:Bachelors,,0.999
264,2:Masters,2:Masters,,0.999
265,1:Bachelors,1:Bachelors,,0.999
266,1:Bachelors,1:Bachelors,,0.999
267,2:Masters,1:Bachelors,+,0.5
268,1:Bachelors,1:Bachelors,,1
269,1:Bachelors,1:Bachelors,,1
270,1:Bachelors,1:Bachelors,,1
271,2:Masters,1:Bachelors,+,0.999
272,1:Bachelors,1:Bachelors,,0.999
273,1:Bachelors,1:Bachelors,,0.5
274,1:Bachelors,1:Bachelors,,0.999
275,1:Bachelors,1:Bachelors,,0.999
276,1:Bachelors,1:Bachelors,,0.999
277,1:Bachelors,1:Bachelors,,1
278,1:Bachelors,2:Masters,+,0.999
279,1:Bachelors,1:Bachelors,,1
280,2:Masters,1:Bachelors,+,0.999
281,1:Bachelors,1:Bachelors,,0.75
282,1:Bachelors,1:Bachelors,,0.75
283,1:Bachelors,1:Bachelors,,1
284,1:Bachelors,2:Masters,+,0.5
285,2:Masters,2:Masters,,1
286,1:Bachelors,1:Bachelors,,0.999
287,1:Bachelors,1:Bachelors,,1
288,1:Bachelors,1:Bachelors,,0.8
289,1:Bachelors,1:Bachelors,,0.999
290,2:Masters,2:Masters,,0.999
291,1:Bachelors,1:Bachelors,,1
292,2:Masters,1:Bachelors,+,0.999
293,2:Masters,3:PHD,+,1
294,1:Bachelors,1:Bachelors,,1
295,1:Bachelors,1:Bachelors,,1
296,2:Masters,2:Masters,,0.999
297,2:Masters,2:Masters,,0.999
298,1:Bachelors,1:Bachelors,,1
299,1:Bachelors,1:Bachelors,,0.75
300,1:Bachelors,1:Bachelors,,0.999
301,1:Bachelors,1:Bachelors,,0.999
302,1:Bachelors,1:Bachelors,,0.999
303,1:Bachelors,1:Bachelors,,0.846
304,1:Bachelors,1:Bachelors,,0.999
305,1:Bachelors,1:Bachelors,,0.8
306,1:Bachelors,1:Bachelors,,0.999
307,1:Bachelors,1:Bachelors,,0.999
308,2:Masters,1:Bachelors,+,1
309,1:Bachelors,1:Bachelors,,0.999
310,1:Bachelors,1:Bachelors,,0.5
311,1:Bachelors,3:PHD,+,0.999
312,1:Bachelors,1:Bachelors,,0.75
313,1:Bachelors,1:Bachelors,,0.999
314,1:Bachelors,1:Bachelors,,1
315,1:Bachelors,1:Bachelors,,0.667
316,1:Bachelors,1:Bachelors,,0.999
317,1:Bachelors,1:Bachelors,,0.999
318,1:Bachelors,2:Masters,+,0.999
319,2:Masters,1:Bachelors,+,1
320,1:Bachelors,1:Bachelors,,1
321,2:Masters,2:Masters,,1
322,1:Bachelors,1:Bachelors,,1
323,1:Bachelors,1:Bachelors,,0.944
324,1:Bachelors,1:Bachelors,,0.999
325,1:Bachelors,1:Bachelors,,1
326,3:PHD,1:Bachelors,+,0.999
327,3:PHD,1:Bachelors,+,0.5
328,1:Bachelors,1:Bachelors,,1
329,1:Bachelors,1:Bachelors,,0.999
330,1:Bachelors,1:Bachelors,,0.999
331,1:Bachelors,1:Bachelors,,0.999
332,1:Bachelors,1:Bachelors,,1
333,1:Bachelors,1:Bachelors,,0.999
334,2:Masters,1:Bachelors,+,0.75
335,1:Bachelors,1:Bachelors,,0.999
336,1:Bachelors,2:Masters,+,0.999
337,1:Bachelors,1:Bachelors,,1
338,1:Bachelors,1:Bachelors,,1
339,1:Bachelors,3:PHD,+,0.999
340,1:Bachelors,1:Bachelors,,0.9
341,2:Masters,1:Bachelors,+,1
342,2:Masters,3:PHD,+,0.999
343,1:Bachelors,1:Bachelors,,0.999
344,1:Bachelors,1:Bachelors,,0.75
345,1:Bachelors,1:Bachelors,,1
346,2:Masters,2:Masters,,1
347,1:Bachelors,1:Bachelors,,0.857
348,1:Bachelors,1:Bachelors,,0.999
349,1:Bachelors,1:Bachelors,,0.999
350,1:Bachelors,1:Bachelors,,0.999
351,2:Masters,2:Masters,,1
352,1:Bachelors,1:Bachelors,,0.999
353,1:Bachelors,1:Bachelors,,1
354,1:Bachelors,1:Bachelors,,0.999
355,1:Bachelors,1:Bachelors,,1
356,1:Bachelors,1:Bachelors,,1
357,2:Masters,2:Masters,,0.999
358,1:Bachelors,1:Bachelors,,0.999
359,1:Bachelors,1:Bachelors,,1
360,2:Masters,2:Masters,,0.999
361,1:Bachelors,1:Bachelors,,1
362,2:Masters,1:Bachelors,+,0.8
363,2:Masters,1:Bachelors,+,0.999
364,1:Bachelors,1:Bachelors,,1
365,1:Bachelors,2:Masters,+,0.999
366,1:Bachelors,2:Masters,+,0.999
367,1:Bachelors,1:Bachelors,,0.999
368,1:Bachelors,1:Bachelors,,1
369,2:Masters,2:Masters,,0.999
370,1:Bachelors,1:Bachelors,,0.999
371,1:Bachelors,1:Bachelors,,0.999
372,2:Masters,1:Bachelors,+,0.5
373,1:Bachelors,1:Bachelors,,0.5
374,1:Bachelors,1:Bachelors,,1
375,1:Bachelors,1:Bachelors,,0.999
376,1:Bachelors,1:Bachelors,,0.944
377,2:Masters,1:Bachelors,+,0.636
378,1:Bachelors,1:Bachelors,,0.999
379,1:Bachelors,1:Bachelors,,0.999
380,2:Masters,1:Bachelors,+,0.999
381,2:Masters,1:Bachelors,+,0.857
382,1:Bachelors,1:Bachelors,,0.999
383,2:Masters,1:Bachelors,+,0.5
384,1:Bachelors,1:Bachelors,,1
385,1:Bachelors,1:Bachelors,,1
386,1:Bachelors,1:Bachelors,,0.999
387,1:Bachelors,1:Bachelors,,1
388,1:Bachelors,1:Bachelors,,0.999
389,2:Masters,2:Masters,,0.999
390,1:Bachelors,1:Bachelors,,0.999
391,1:Bachelors,2:Masters,+,0.999
392,1:Bachelors,3:PHD,+,0.999
393,1:Bachelors,1:Bachelors,,1
394,1:Bachelors,1:Bachelors,,1
395,1:Bachelors,1:Bachelors,,0.999
396,1:Bachelors,1:Bachelors,,0.9
397,3:PHD,1:Bachelors,+,0.5
398,1:Bachelors,1:Bachelors,,0.999
399,1:Bachelors,1:Bachelors,,0.999
400,1:Bachelors,1:Bachelors,,1
401,1:Bachelors,1:Bachelors,,0.999
402,1:Bachelors,1:Bachelors,,1
403,2:Masters,1:Bachelors,+,1
404,1:Bachelors,1:Bachelors,,0.999
405,1:Bachelors,1:Bachelors,,1
406,1:Bachelors,1:Bachelors,,1
407,1:Bachelors,1:Bachelors,,0.75
408,2:Masters,1:Bachelors,+,1
409,2:Masters,1:Bachelors,+,0.999
410,1:Bachelors,1:Bachelors,,1
411,1:Bachelors,1:Bachelors,,1
412,2:Masters,3:PHD,+,0.999
413,1:Bachelors,1:Bachelors,,0.999
414,2:Masters,2:Masters,,0.999
415,1:Bachelors,1:Bachelors,,0.999
416,2:Masters,1:Bachelors,+,0.999
417,1:Bachelors,1:Bachelors,,1
418,2:Masters,1:Bachelors,+,0.583
419,2:Masters,2:Masters,,0.999
420,1:Bachelors,2:Masters,+,0.999
421,2:Masters,1:Bachelors,+,0.999
422,1:Bachelors,1:Bachelors,,0.999
423,1:Bachelors,1:Bachelors,,0.999
424,1:Bachelors,1:Bachelors,,1
425,1:Bachelors,1:Bachelors,,1
426,1:Bachelors,1:Bachelors,,0.5
427,1:Bachelors,1:Bachelors,,0.999
428,1:Bachelors,3:PHD,+,0.999
429,1:Bachelors,1:Bachelors,,1
430,1:Bachelors,1:Bachelors,,0.999
431,1:Bachelors,1:Bachelors,,0.999
432,3:PHD,1:Bachelors,+,1
433,1:Bachelors,1:Bachelors,,1
434,1:Bachelors,1:Bachelors,,0.999
435,1:Bachelors,1:Bachelors,,1
436,1:Bachelors,1:Bachelors,,0.999
437,1:Bachelors,1:Bachelors,,0.999
438,1:Bachelors,1:Bachelors,,1
439,2:Masters,1:Bachelors,+,0.5
440,1:Bachelors,1:Bachelors,,0.999
441,1:Bachelors,3:PHD,+,0.999
442,2:Masters,1:Bachelors,+,1
443,1:Bachelors,1:Bachelors,,1
444,1:Bachelors,1:Bachelors,,0.999
445,1:Bachelors,1:Bachelors,,0.999
446,1:Bachelors,3:PHD,+,0.999
447,1:Bachelors,1:Bachelors,,0.846
448,1:Bachelors,1:Bachelors,,0.999
449,2:Masters,2:Masters,,1
450,1:Bachelors,1:Bachelors,,0.75
451,1:Bachelors,1:Bachelors,,0.999
452,1:Bachelors,1:Bachelors,,0.999
453,2:Masters,1:Bachelors,+,0.999
454,1:Bachelors,1:Bachelors,,0.999
455,2:Masters,2:Masters,,0.999
456,1:Bachelors,1:Bachelors,,1
457,2:Masters,1:Bachelors,+,0.5
458,1:Bachelors,1:Bachelors,,1
459,1:Bachelors,1:Bachelors,,0.944
460,1:Bachelors,1:Bachelors,,1
461,2:Masters,1:Bachelors,+,0.999
462,3:PHD,1:Bachelors,+,0.944
463,1:Bachelors,1:Bachelors,,1
464,1:Bachelors,1:Bachelors,,0.999
465,2:Masters,2:Masters,,0.999
466,2:Masters,2:Masters,,1
467,2:Masters,1:Bachelors,+,0.999
468,1:Bachelors,2:Masters,+,0.999
469,1:Bachelors,1:Bachelors,,1
470,1:Bachelors,1:Bachelors,,0.875
471,1:Bachelors,1:Bachelors,,1
472,1:Bachelors,1:Bachelors,,0.999
473,1:Bachelors,1:Bachelors,,1
474,1:Bachelors,1:Bachelors,,0.999
475,3:PHD,1:Bachelors,+,0.875
476,1:Bachelors,1:Bachelors,,0.8
477,2:Masters,2:Masters,,0.999
478,1:Bachelors,1:Bachelors,,0.999
479,1:Bachelors,1:Bachelors,,0.999
480,2:Masters,2:Masters,,1
481,1:Bachelors,1:Bachelors,,0.5
482,1:Bachelors,1:Bachelors,,0.999
483,1:Bachelors,1:Bachelors,,1
484,3:PHD,2:Masters,+,0.5
485,1:Bachelors,1:Bachelors,,0.999
486,1:Bachelors,1:Bachelors,,0.875
487,1:Bachelors,1:Bachelors,,0.999
488,1:Bachelors,1:Bachelors,,1
489,2:Masters,1:Bachelors,+,0.999
490,1:Bachelors,1:Bachelors,,0.999
491,1:Bachelors,1:Bachelors,,1
492,1:Bachelors,1:Bachelors,,1
493,1:Bachelors,1:Bachelors,,1
494,1:Bachelors,1:Bachelors,,0.999
495,1:Bachelors,1:Bachelors,,0.999
496,1:Bachelors,1:Bachelors,,1
497,1:Bachelors,3:PHD,+,1
498,1:Bachelors,3:PHD,+,0.999
499,2:Masters,1:Bachelors,+,0.999
500,1:Bachelors,1:Bachelors,,0.999
501,1:Bachelors,1:Bachelors,,0.999
502,1:Bachelors,1:Bachelors,,0.999
503,1:Bachelors,3:PHD,+,0.999
504,1:Bachelors,1:Bachelors,,0.999
505,1:Bachelors,1:Bachelors,,0.999
506,1:Bachelors,1:Bachelors,,1
507,2:Masters,2:Masters,,0.999
508,1:Bachelors,1:Bachelors,,0.999
509,2:Masters,1:Bachelors,+,0.857
510,2:Masters,2:Masters,,0.999
511,2:Masters,2:Masters,,1
512,2:Masters,2:Masters,,0.999
513,2:Masters,1:Bachelors,+,0.999
514,1:Bachelors,1:Bachelors,,0.999
515,1:Bachelors,1:Bachelors,,1
516,1:Bachelors,1:Bachelors,,1
517,2:Masters,2:Masters,,0.667
518,2:Masters,2:Masters,,0.999
519,1:Bachelors,1:Bachelors,,0.5
520,1:Bachelors,2:Masters,+,0.999
521,1:Bachelors,2:Masters,+,1
522,1:Bachelors,1:Bachelors,,0.999
523,1:Bachelors,1:Bachelors,,0.999
524,1:Bachelors,1:Bachelors,,1
525,1:Bachelors,1:Bachelors,,0.999
526,1:Bachelors,1:Bachelors,,1
527,1:Bachelors,1:Bachelors,,0.5
528,1:Bachelors,1:Bachelors,,0.999
529,2:Masters,2:Masters,,0.999
530,1:Bachelors,1:Bachelors,,0.944
531,1:Bachelors,2:Masters,+,0.999
532,3:PHD,1:Bachelors,+,0.5
533,1:Bachelors,2:Masters,+,0.999
534,1:Bachelors,1:Bachelors,,1
535,1:Bachelors,1:Bachelors,,0.999
536,1:Bachelors,1:Bachelors,,0.999
537,2:Masters,2:Masters,,0.999
538,1:Bachelors,1:Bachelors,,1
539,1:Bachelors,1:Bachelors,,0.999
540,1:Bachelors,1:Bachelors,,0.999
541,2:Masters,1:Bachelors,+,0.999
542,1:Bachelors,2:Masters,+,0.999
543,1:Bachelors,1:Bachelors,,0.75
544,2:Masters,1:Bachelors,+,0.999
545,1:Bachelors,1:Bachelors,,1
546,1:Bachelors,1:Bachelors,,1
547,2:Masters,2:Masters,,1
548,1:Bachelors,1:Bachelors,,0.999
549,1:Bachelors,1:Bachelors,,0.5
550,2:Masters,1:Bachelors,+,0.583
551,1:Bachelors,1:Bachelors,,1
552,1:Bachelors,1:Bachelors,,0.999
553,2:Masters,2:Masters,,0.999
554,1:Bachelors,1:Bachelors,,1
555,1:Bachelors,3:PHD,+,0.999
556,1:Bachelors,1:Bachelors,,1
557,3:PHD,2:Masters,+,0.999
558,1:Bachelors,1:Bachelors,,0.999
559,1:Bachelors,1:Bachelors,,0.999
560,1:Bachelors,2:Masters,+,0.999
561,1:Bachelors,1:Bachelors,,1
562,1:Bachelors,1:Bachelors,,0.999
563,2:Masters,1:Bachelors,+,1
564,1:Bachelors,1:Bachelors,,1
565,1:Bachelors,1:Bachelors,,0.999
566,1:Bachelors,1:Bachelors,,1
567,1:Bachelors,1:Bachelors,,1
568,1:Bachelors,1:Bachelors,,1
569,2:Masters,1:Bachelors,+,0.5
570,2:Masters,1:Bachelors,+,1
571,1:Bachelors,1:Bachelors,,0.999
572,2:Masters,2:Masters,,0.999
573,2:Masters,2:Masters,,0.999
574,1:Bachelors,1:Bachelors,,1
575,1:Bachelors,1:Bachelors,,0.944
576,1:Bachelors,1:Bachelors,,1
577,1:Bachelors,1:Bachelors,,0.999
578,1:Bachelors,1:Bachelors,,1
579,1:Bachelors,1:Bachelors,,0.999
580,1:Bachelors,3:PHD,+,1
581,1:Bachelors,1:Bachelors,,0.999
582,1:Bachelors,1:Bachelors,,1
583,2:Masters,1:Bachelors,+,0.857
584,1:Bachelors,1:Bachelors,,1
585,2:Masters,1:Bachelors,+,0.75
586,1:Bachelors,1:Bachelors,,0.999
587,1:Bachelors,1:Bachelors,,0.857
588,2:Masters,1:Bachelors,+,0.5
589,1:Bachelors,1:Bachelors,,1
590,3:PHD,1:Bachelors,+,0.667
591,1:Bachelors,1:Bachelors,,0.75
592,1:Bachelors,1:Bachelors,,0.999
593,1:Bachelors,1:Bachelors,,0.999
594,1:Bachelors,1:Bachelors,,0.999
595,1:Bachelors,1:Bachelors,,1
596,3:PHD,2:Masters,+,0.999
597,2:Masters,2:Masters,,0.999
598,1:Bachelors,1:Bachelors,,1
599,1:Bachelors,1:Bachelors,,0.999
600,1:Bachelors,1:Bachelors,,1
601,2:Masters,1:Bachelors,+,0.999
602,1:Bachelors,1:Bachelors,,1
603,1:Bachelors,1:Bachelors,,0.999
604,1:Bachelors,1:Bachelors,,1
605,1:Bachelors,1:Bachelors,,0.625
606,1:Bachelors,1:Bachelors,,0.8
607,1:Bachelors,1:Bachelors,,1
608,1:Bachelors,1:Bachelors,,1
609,1:Bachelors,1:Bachelors,,0.9
610,1:Bachelors,2:Masters,+,0.999
611,1:Bachelors,1:Bachelors,,1
612,1:Bachelors,1:Bachelors,,0.999
613,1:Bachelors,1:Bachelors,,1
614,1:Bachelors,1:Bachelors,,1
615,1:Bachelors,1:Bachelors,,0.999
616,1:Bachelors,1:Bachelors,,1
617,1:Bachelors,1:Bachelors,,1
618,1:Bachelors,3:PHD,+,0.999
619,1:Bachelors,1:Bachelors,,1
620,1:Bachelors,1:Bachelors,,0.999
621,1:Bachelors,1:Bachelors,,0.999
622,1:Bachelors,1:Bachelors,,0.999
623,1:Bachelors,1:Bachelors,,0.999
624,1:Bachelors,1:Bachelors,,0.75
625,1:Bachelors,1:Bachelors,,0.999
626,1:Bachelors,1:Bachelors,,1
627,1:Bachelors,1:Bachelors,,1
628,1:Bachelors,1:Bachelors,,1
629,1:Bachelors,1:Bachelors,,0.999
630,1:Bachelors,1:Bachelors,,1
631,1:Bachelors,1:Bachelors,,0.999
632,2:Masters,2:Masters,,0.999
633,3:PHD,3:PHD,,0.999
634,1:Bachelors,2:Masters,+,0.999
635,1:Bachelors,1:Bachelors,,1
636,1:Bachelors,2:Masters,+,0.999
637,1:Bachelors,1:Bachelors,,0.999
638,1:Bachelors,1:Bachelors,,0.999
639,1:Bachelors,1:Bachelors,,0.999
640,1:Bachelors,1:Bachelors,,1
641,1:Bachelors,1:Bachelors,,0.999
642,1:Bachelors,1:Bachelors,,0.999
643,1:Bachelors,1:Bachelors,,0.999
644,2:Masters,1:Bachelors,+,0.5
645,1:Bachelors,1:Bachelors,,1
646,1:Bachelors,1:Bachelors,,0.999
647,1:Bachelors,3:PHD,+,0.667
648,2:Masters,2:Masters,,0.999
649,1:Bachelors,1:Bachelors,,0.999
650,1:Bachelors,1:Bachelors,,0.999
651,1:Bachelors,1:Bachelors,,0.999
652,1:Bachelors,1:Bachelors,,0.999
653,1:Bachelors,1:Bachelors,,0.625
654,1:Bachelors,1:Bachelors,,0.999
655,1:Bachelors,1:Bachelors,,0.5
656,1:Bachelors,1:Bachelors,,0.999
657,1:Bachelors,1:Bachelors,,0.999
658,1:Bachelors,1:Bachelors,,1
659,1:Bachelors,1:Bachelors,,0.9
660,1:Bachelors,1:Bachelors,,0.999
661,1:Bachelors,1:Bachelors,,0.999
662,1:Bachelors,1:Bachelors,,1
663,2:Masters,2:Masters,,1
664,1:Bachelors,1:Bachelors,,0.8
665,2:Masters,3:PHD,+,0.667
666,1:Bachelors,1:Bachelors,,0.999
667,1:Bachelors,1:Bachelors,,0.999
668,1:Bachelors,1:Bachelors,,0.75
669,1:Bachelors,1:Bachelors,,0.999
670,2:Masters,1:Bachelors,+,0.667
671,1:Bachelors,1:Bachelors,,1
672,1:Bachelors,1:Bachelors,,0.999
673,2:Masters,1:Bachelors,+,0.5
674,1:Bachelors,1:Bachelors,,0.999
675,1:Bachelors,1:Bachelors,,0.999
676,1:Bachelors,1:Bachelors,,0.999
677,2:Masters,1:Bachelors,+,0.857
678,1:Bachelors,1:Bachelors,,1
679,1:Bachelors,1:Bachelors,,1
680,1:Bachelors,1:Bachelors,,1
681,1:Bachelors,1:Bachelors,,0.999
682,1:Bachelors,2:Masters,+,0.999
683,2:Masters,2:Masters,,0.999
684,2:Masters,1:Bachelors,+,0.999
685,2:Masters,1:Bachelors,+,0.5
686,1:Bachelors,1:Bachelors,,1
687,1:Bachelors,1:Bachelors,,0.999
688,1:Bachelors,3:PHD,+,1
689,2:Masters,1:Bachelors,+,0.5
690,1:Bachelors,1:Bachelors,,0.999
691,1:Bachelors,1:Bachelors,,0.999
692,1:Bachelors,1:Bachelors,,1
693,1:Bachelors,1:Bachelors,,0.8
694,1:Bachelors,1:Bachelors,,1
695,1:Bachelors,1:Bachelors,,1
696,1:Bachelors,1:Bachelors,,1
697,1:Bachelors,1:Bachelors,,1
698,1:Bachelors,1:Bachelors,,1
699,1:Bachelors,1:Bachelors,,0.944
700,1:Bachelors,1:Bachelors,,1
701,1:Bachelors,1:Bachelors,,1
702,1:Bachelors,1:Bachelors,,0.999
703,1:Bachelors,1:Bachelors,,1
704,1:Bachelors,1:Bachelors,,1
705,2:Masters,1:Bachelors,+,0.5
706,1:Bachelors,1:Bachelors,,1
707,1:Bachelors,1:Bachelors,,0.944
708,2:Masters,2:Masters,,0.999
709,1:Bachelors,1:Bachelors,,0.5
710,1:Bachelors,1:Bachelors,,0.5
711,1:Bachelors,1:Bachelors,,0.999
712,1:Bachelors,1:Bachelors,,1
713,1:Bachelors,1:Bachelors,,0.999
714,1:Bachelors,1:Bachelors,,1
715,1:Bachelors,1:Bachelors,,0.999
716,1:Bachelors,1:Bachelors,,1
717,2:Masters,1:Bachelors,+,1
718,1:Bachelors,1:Bachelors,,0.999
719,1:Bachelors,1:Bachelors,,0.999
720,1:Bachelors,1:Bachelors,,1
721,2:Masters,2:Masters,,0.999
722,1:Bachelors,1:Bachelors,,1
723,2:Masters,1:Bachelors,+,0.8
724,1:Bachelors,1:Bachelors,,1
725,2:Masters,1:Bachelors,+,0.999
726,1:Bachelors,1:Bachelors,,0.999
727,1:Bachelors,1:Bachelors,,1
728,1:Bachelors,1:Bachelors,,0.999
729,1:Bachelors,1:Bachelors,,0.625
730,1:Bachelors,1:Bachelors,,0.75
731,1:Bachelors,1:Bachelors,,1
732,2:Masters,2:Masters,,0.999
733,2:Masters,1:Bachelors,+,0.999
734,2:Masters,2:Masters,,0.999
735,1:Bachelors,1:Bachelors,,0.999
736,1:Bachelors,2:Masters,+,0.999
737,1:Bachelors,1:Bachelors,,0.999
738,2:Masters,2:Masters,,0.999
739,1:Bachelors,1:Bachelors,,1
740,1:Bachelors,3:PHD,+,0.667
741,2:Masters,1:Bachelors,+,0.999
742,1:Bachelors,1:Bachelors,,0.999
743,1:Bachelors,1:Bachelors,,0.999
744,2:Masters,2:Masters,,1
745,1:Bachelors,1:Bachelors,,0.999
746,1:Bachelors,1:Bachelors,,0.999
747,1:Bachelors,1:Bachelors,,0.999
748,1:Bachelors,2:Masters,+,0.999
749,1:Bachelors,1:Bachelors,,0.9
750,2:Masters,2:Masters,,0.5
751,2:Masters,1:Bachelors,+,1
752,2:Masters,1:Bachelors,+,0.999
753,1:Bachelors,1:Bachelors,,0.999
754,1:Bachelors,1:Bachelors,,0.999
755,2:Masters,1:Bachelors,+,0.999
756,1:Bachelors,1:Bachelors,,0.999
757,1:Bachelors,1:Bachelors,,1
758,1:Bachelors,1:Bachelors,,0.999
759,1:Bachelors,1:Bachelors,,0.999
760,1:Bachelors,2:Masters,+,0.999
761,1:Bachelors,1:Bachelors,,0.999
762,2:Masters,1:Bachelors,+,0.999
763,1:Bachelors,1:Bachelors,,1
764,1:Bachelors,1:Bachelors,,0.999
765,1:Bachelors,1:Bachelors,,1
766,1:Bachelors,1:Bachelors,,1
767,1:Bachelors,1:Bachelors,,1
768,1:Bachelors,1:Bachelors,,0.999
769,1:Bachelors,1:Bachelors,,0.833
770,2:Masters,1:Bachelors,+,1
771,1:Bachelors,1:Bachelors,,1
772,1:Bachelors,1:Bachelors,,0.999
773,2:Masters,2:Masters,,0.999
774,1:Bachelors,1:Bachelors,,0.999
775,2:Masters,2:Masters,,0.999
776,2:Masters,1:Bachelors,+,0.75
777,1:Bachelors,1:Bachelors,,0.999
778,1:Bachelors,2:Masters,+,0.999
779,3:PHD,1:Bachelors,+,0.5
780,1:Bachelors,2:Masters,+,0.75
781,1:Bachelors,1:Bachelors,,1
782,1:Bachelors,1:Bachelors,,0.999
783,1:Bachelors,1:Bachelors,,0.667
784,1:Bachelors,1:Bachelors,,1
785,1:Bachelors,1:Bachelors,,0.999
786,1:Bachelors,1:Bachelors,,1
787,1:Bachelors,1:Bachelors,,0.999
788,1:Bachelors,1:Bachelors,,0.999
789,3:PHD,2:Masters,+,1
790,3:PHD,1:Bachelors,+,0.999
791,1:Bachelors,1:Bachelors,,1
792,1:Bachelors,1:Bachelors,,1
793,1:Bachelors,1:Bachelors,,1
794,1:Bachelors,1:Bachelors,,0.999
795,1:Bachelors,1:Bachelors,,1
796,1:Bachelors,1:Bachelors,,1
797,1:Bachelors,1:Bachelors,,1
798,1:Bachelors,1:Bachelors,,0.999
799,1:Bachelors,1:Bachelors,,1
800,1:Bachelors,1:Bachelors,,0.5
801,1:Bachelors,1:Bachelors,,0.5
802,3:PHD,3:PHD,,0.999
803,1:Bachelors,1:Bachelors,,1
804,1:Bachelors,1:Bachelors,,0.999
805,1:Bachelors,1:Bachelors,,1
806,1:Bachelors,1:Bachelors,,1
807,1:Bachelors,1:Bachelors,,0.999
808,1:Bachelors,1:Bachelors,,0.999
809,1:Bachelors,2:Masters,+,0.999
810,1:Bachelors,1:Bachelors,,0.999
811,1:Bachelors,1:Bachelors,,0.999
812,1:Bachelors,1:Bachelors,,0.999
813,1:Bachelors,2:Masters,+,0.999
814,1:Bachelors,1:Bachelors,,0.667
815,2:Masters,2:Masters,,0.999
816,1:Bachelors,1:Bachelors,,0.833
817,2:Masters,1:Bachelors,+,0.5
818,1:Bachelors,1:Bachelors,,0.999
819,1:Bachelors,1:Bachelors,,0.999
820,2:Masters,1:Bachelors,+,0.999
821,2:Masters,1:Bachelors,+,0.5
822,1:Bachelors,1:Bachelors,,1
823,1:Bachelors,1:Bachelors,,1
824,1:Bachelors,1:Bachelors,,0.999
825,1:Bachelors,1:Bachelors,,1
826,1:Bachelors,1:Bachelors,,0.999
827,1:Bachelors,1:Bachelors,,1
828,1:Bachelors,1:Bachelors,,0.999
829,2:Masters,1:Bachelors,+,0.75
830,1:Bachelors,1:Bachelors,,0.999
831,2:Masters,1:Bachelors,+,0.999
832,1:Bachelors,1:Bachelors,,1
833,2:Masters,3:PHD,+,0.999
834,1:Bachelors,1:Bachelors,,1
835,1:Bachelors,1:Bachelors,,0.999
836,1:Bachelors,1:Bachelors,,1
837,1:Bachelors,1:Bachelors,,0.999
838,1:Bachelors,1:Bachelors,,0.999
839,1:Bachelors,1:Bachelors,,0.999
840,2:Masters,2:Masters,,1
841,1:Bachelors,1:Bachelors,,1
842,1:Bachelors,1:Bachelors,,0.999
843,1:Bachelors,1:Bachelors,,1
844,1:Bachelors,1:Bachelors,,0.999
845,1:Bachelors,1:Bachelors,,0.999
846,1:Bachelors,1:Bachelors,,0.846
847,1:Bachelors,1:Bachelors,,0.999
848,1:Bachelors,1:Bachelors,,0.999
849,1:Bachelors,1:Bachelors,,0.778
850,1:Bachelors,1:Bachelors,,1
851,1:Bachelors,1:Bachelors,,0.999
852,1:Bachelors,2:Masters,+,1
853,1:Bachelors,1:Bachelors,,0.999
854,1:Bachelors,1:Bachelors,,0.999
855,1:Bachelors,1:Bachelors,,0.999
856,1:Bachelors,1:Bachelors,,1
857,1:Bachelors,1:Bachelors,,0.999
858,1:Bachelors,1:Bachelors,,1
859,2:Masters,1:Bachelors,+,0.833
860,1:Bachelors,1:Bachelors,,1
861,1:Bachelors,1:Bachelors,,1
862,2:Masters,2:Masters,,0.999
863,1:Bachelors,1:Bachelors,,1
864,1:Bachelors,1:Bachelors,,1
865,1:Bachelors,1:Bachelors,,0.999
866,2:Masters,2:Masters,,0.999
867,1:Bachelors,1:Bachelors,,0.999
868,2:Masters,2:Masters,,0.999
869,1:Bachelors,3:PHD,+,0.667
870,1:Bachelors,1:Bachelors,,0.999
871,1:Bachelors,1:Bachelors,,1
872,1:Bachelors,1:Bachelors,,1
873,1:Bachelors,1:Bachelors,,1
874,1:Bachelors,1:Bachelors,,0.999
875,1:Bachelors,1:Bachelors,,1
876,1:Bachelors,1:Bachelors,,0.999
877,1:Bachelors,1:Bachelors,,1
878,1:Bachelors,1:Bachelors,,0.944
879,1:Bachelors,3:PHD,+,0.999
880,2:Masters,2:Masters,,0.999
881,1:Bachelors,1:Bachelors,,0.999
882,2:Masters,1:Bachelors,+,0.999
883,1:Bachelors,2:Masters,+,0.999
884,1:Bachelors,1:Bachelors,,0.999
885,1:Bachelors,1:Bachelors,,0.999
886,1:Bachelors,1:Bachelors,,0.999
887,1:Bachelors,1:Bachelors,,1
888,2:Masters,2:Masters,,0.999
889,3:PHD,1:Bachelors,+,1
890,1:Bachelors,1:Bachelors,,0.999
891,1:Bachelors,1:Bachelors,,0.75
892,2:Masters,1:Bachelors,+,0.5
893,1:Bachelors,1:Bachelors,,1
894,1:Bachelors,3:PHD,+,0.999
895,1:Bachelors,1:Bachelors,,0.5
896,2:Masters,2:Masters,,0.999
897,1:Bachelors,1:Bachelors,,1
898,1:Bachelors,1:Bachelors,,0.999
899,1:Bachelors,1:Bachelors,,0.999
900,1:Bachelors,1:Bachelors,,0.999
901,1:Bachelors,1:Bachelors,,0.999
902,2:Masters,3:PHD,+,0.999
903,1:Bachelors,1:Bachelors,,0.999
904,1:Bachelors,1:Bachelors,,0.999
905,1:Bachelors,1:Bachelors,,1
906,1:Bachelors,1:Bachelors,,0.75
907,2:Masters,1:Bachelors,+,1
908,2:Masters,1:Bachelors,+,1
909,2:Masters,1:Bachelors,+,1
910,1:Bachelors,1:Bachelors,,0.999
911,2:Masters,2:Masters,,0.999
912,1:Bachelors,2:Masters,+,0.999
913,1:Bachelors,1:Bachelors,,0.999
914,1:Bachelors,1:Bachelors,,0.999
915,1:Bachelors,1:Bachelors,,0.999
916,1:Bachelors,1:Bachelors,,0.5
917,1:Bachelors,1:Bachelors,,0.8
918,1:Bachelors,1:Bachelors,,0.999
919,1:Bachelors,1:Bachelors,,0.999
920,1:Bachelors,1:Bachelors,,0.999
921,1:Bachelors,1:Bachelors,,1
922,1:Bachelors,1:Bachelors,,0.999
923,1:Bachelors,1:Bachelors,,1
924,2:Masters,1:Bachelors,+,1
925,1:Bachelors,2:Masters,+,0.999
926,1:Bachelors,1:Bachelors,,1
927,1:Bachelors,1:Bachelors,,0.8
928,1:Bachelors,1:Bachelors,,0.999
929,1:Bachelors,1:Bachelors,,0.999
930,3:PHD,3:PHD,,0.999
931,1:Bachelors,1:Bachelors,,0.857
932,3:PHD,2:Masters,+,0.999
933,1:Bachelors,1:Bachelors,,0.999
934,1:Bachelors,1:Bachelors,,0.857
935,1:Bachelors,2:Masters,+,0.999
936,1:Bachelors,2:Masters,+,0.999
937,1:Bachelors,1:Bachelors,,1
938,2:Masters,2:Masters,,0.999
939,1:Bachelors,1:Bachelors,,0.5
940,1:Bachelors,1:Bachelors,,0.999
941,1:Bachelors,1:Bachelors,,0.999
942,1:Bachelors,1:Bachelors,,0.625
943,2:Masters,2:Masters,,0.999
944,1:Bachelors,1:Bachelors,,1
945,1:Bachelors,1:Bachelors,,1
946,1:Bachelors,1:Bachelors,,1
947,2:Masters,1:Bachelors,+,0.5
948,1:Bachelors,1:Bachelors,,0.999
949,2:Masters,1:Bachelors,+,1
950,3:PHD,1:Bachelors,+,0.857
951,3:PHD,1:Bachelors,+,0.999
952,1:Bachelors,1:Bachelors,,1
953,1:Bachelors,1:Bachelors,,0.999
954,1:Bachelors,1:Bachelors,,0.583
955,3:PHD,3:PHD,,0.999
956,1:Bachelors,1:Bachelors,,0.999
957,1:Bachelors,1:Bachelors,,0.999
958,1:Bachelors,1:Bachelors,,0.999
959,2:Masters,3:PHD,+,0.999
960,1:Bachelors,1:Bachelors,,0.857
961,1:Bachelors,3:PHD,+,0.999
962,2:Masters,1:Bachelors,+,0.999
963,1:Bachelors,1:Bachelors,,0.999
964,1:Bachelors,1:Bachelors,,0.999
965,1:Bachelors,1:Bachelors,,0.999
966,1:Bachelors,1:Bachelors,,1
967,3:PHD,1:Bachelors,+,0.999
968,1:Bachelors,1:Bachelors,,0.999
969,2:Masters,1:Bachelors,+,0.999
970,1:Bachelors,1:Bachelors,,0.833
971,1:Bachelors,1:Bachelors,,0.999
972,1:Bachelors,1:Bachelors,,0.999
973,1:Bachelors,1:Bachelors,,1
974,1:Bachelors,1:Bachelors,,0.999
975,1:Bachelors,1:Bachelors,,0.999
976,1:Bachelors,1:Bachelors,,1
977,1:Bachelors,1:Bachelors,,0.667
978,1:Bachelors,2:Masters,+,1
979,1:Bachelors,1:Bachelors,,0.999
980,1:Bachelors,1:Bachelors,,1
981,1:Bachelors,2:Masters,+,1
982,1:Bachelors,1:Bachelors,,1
983,1:Bachelors,1:Bachelors,,1
984,1:Bachelors,1:Bachelors,,0.999
985,1:Bachelors,1:Bachelors,,0.999
986,1:Bachelors,1:Bachelors,,1
987,2:Masters,2:Masters,,0.999
988,1:Bachelors,1:Bachelors,,1
989,1:Bachelors,2:Masters,+,0.999
990,1:Bachelors,2:Masters,+,0.999
991,1:Bachelors,1:Bachelors,,0.999
992,2:Masters,3:PHD,+,0.999
993,2:Masters,2:Masters,,0.999
994,1:Bachelors,1:Bachelors,,0.999
995,1:Bachelors,1:Bachelors,,0.999
996,1:Bachelors,1:Bachelors,,0.857
997,2:Masters,1:Bachelors,+,1
998,2:Masters,2:Masters,,0.5
999,1:Bachelors,1:Bachelors,,0.999
1000,2:Masters,2:Masters,,1
1001,1:Bachelors,1:Bachelors,,0.999
1002,1:Bachelors,1:Bachelors,,0.999
1003,1:Bachelors,1:Bachelors,,1
1004,1:Bachelors,1:Bachelors,,0.999
1005,1:Bachelors,1:Bachelors,,0.999
1006,1:Bachelors,2:Masters,+,0.999
1007,1:Bachelors,1:Bachelors,,0.999
1008,1:Bachelors,1:Bachelors,,1
1009,1:Bachelors,1:Bachelors,,0.999
1010,1:Bachelors,1:Bachelors,,1
1011,2:Masters,2:Masters,,0.999
1012,1:Bachelors,1:Bachelors,,0.999
1013,1:Bachelors,1:Bachelors,,1
1014,2:Masters,2:Masters,,0.999
1015,1:Bachelors,1:Bachelors,,1
1016,1:Bachelors,1:Bachelors,,0.999
1017,1:Bachelors,1:Bachelors,,0.999
1018,1:Bachelors,2:Masters,+,0.999
1019,1:Bachelors,1:Bachelors,,1
1020,1:Bachelors,1:Bachelors,,1
1021,3:PHD,3:PHD,,0.667
1022,1:Bachelors,1:Bachelors,,1
1023,1:Bachelors,1:Bachelors,,0.999
1024,1:Bachelors,1:Bachelors,,0.999
1025,1:Bachelors,1:Bachelors,,1
1026,1:Bachelors,1:Bachelors,,1
1027,1:Bachelors,1:Bachelors,,0.857
1028,1:Bachelors,1:Bachelors,,0.999
1029,1:Bachelors,1:Bachelors,,0.999
1030,2:Masters,1:Bachelors,+,0.5
1031,3:PHD,2:Masters,+,0.999
1032,1:Bachelors,1:Bachelors,,0.636
1033,1:Bachelors,3:PHD,+,0.999
1034,1:Bachelors,1:Bachelors,,0.999
1035,1:Bachelors,1:Bachelors,,0.999
1036,1:Bachelors,3:PHD,+,0.999
1037,2:Masters,1:Bachelors,+,1
1038,1:Bachelors,1:Bachelors,,1
1039,1:Bachelors,1:Bachelors,,0.944
1040,2:Masters,1:Bachelors,+,0.5
1041,1:Bachelors,1:Bachelors,,1
1042,2:Masters,2:Masters,,0.999
1043,2:Masters,2:Masters,,0.999
1044,1:Bachelors,1:Bachelors,,0.999
1045,2:Masters,3:PHD,+,0.999
1046,1:Bachelors,1:Bachelors,,0.999
1047,2:Masters,2:Masters,,0.999
1048,1:Bachelors,1:Bachelors,,0.999
1049,2:Masters,3:PHD,+,0.999
1050,1:Bachelors,1:Bachelors,,0.999
1051,1:Bachelors,1:Bachelors,,0.999
1052,1:Bachelors,1:Bachelors,,0.999
1053,1:Bachelors,1:Bachelors,,0.999
1054,1:Bachelors,1:Bachelors,,0.667
1055,2:Masters,2:Masters,,1
1056,1:Bachelors,1:Bachelors,,0.999
1057,1:Bachelors,1:Bachelors,,1
1058,1:Bachelors,1:Bachelors,,0.999
1059,2:Masters,2:Masters,,0.999
1060,1:Bachelors,1:Bachelors,,1
1061,1:Bachelors,1:Bachelors,,1
1062,1:Bachelors,1:Bachelors,,1
1063,1:Bachelors,2:Masters,+,0.999
1064,2:Masters,2:Masters,,0.999
1065,1:Bachelors,1:Bachelors,,1
1066,2:Masters,2:Masters,,0.999
1067,1:Bachelors,1:Bachelors,,0.75
1068,1:Bachelors,1:Bachelors,,1
1069,1:Bachelors,1:Bachelors,,0.999
1070,1:Bachelors,1:Bachelors,,0.999
1071,2:Masters,1:Bachelors,+,0.636
1072,1:Bachelors,1:Bachelors,,0.999
1073,1:Bachelors,3:PHD,+,0.999
1074,2:Masters,1:Bachelors,+,0.8
1075,2:Masters,1:Bachelors,+,0.857
1076,2:Masters,1:Bachelors,+,0.667
1077,1:Bachelors,1:Bachelors,,0.5
1078,2:Masters,2:Masters,,0.999
1079,1:Bachelors,2:Masters,+,1
1080,1:Bachelors,1:Bachelors,,0.999
1081,1:Bachelors,1:Bachelors,,1
1082,1:Bachelors,1:Bachelors,,1
1083,1:Bachelors,1:Bachelors,,1
1084,1:Bachelors,1:Bachelors,,0.833
1085,2:Masters,2:Masters,,0.999
1086,1:Bachelors,1:Bachelors,,1
1087,1:Bachelors,1:Bachelors,,1
1088,1:Bachelors,1:Bachelors,,0.999
1089,1:Bachelors,1:Bachelors,,0.999
1090,1:Bachelors,2:Masters,+,0.999
1091,1:Bachelors,1:Bachelors,,1
1092,1:Bachelors,1:Bachelors,,0.999
1093,1:Bachelors,1:Bachelors,,0.999
1094,1:Bachelors,1:Bachelors,,0.999
1095,1:Bachelors,1:Bachelors,,1
1096,1:Bachelors,1:Bachelors,,0.9
1097,1:Bachelors,2:Masters,+,0.999
1098,1:Bachelors,1:Bachelors,,1
1099,1:Bachelors,1:Bachelors,,0.889
1100,1:Bachelors,2:Masters,+,0.667
1101,1:Bachelors,1:Bachelors,,0.999
1102,2:Masters,1:Bachelors,+,0.8
1103,1:Bachelors,1:Bachelors,,1
1104,1:Bachelors,1:Bachelors,,1
1105,1:Bachelors,1:Bachelors,,1
1106,2:Masters,1:Bachelors,+,0.999
1107,2:Masters,2:Masters,,0.999
1108,2:Masters,2:Masters,,0.999
1109,1:Bachelors,1:Bachelors,,0.999
1110,3:PHD,1:Bachelors,+,0.944
1111,1:Bachelors,1:Bachelors,,0.999
1112,1:Bachelors,1:Bachelors,,1
1113,1:Bachelors,1:Bachelors,,0.999
1114,1:Bachelors,1:Bachelors,,0.999
1115,2:Masters,1:Bachelors,+,0.5
1116,1:Bachelors,1:Bachelors,,0.5
1117,1:Bachelors,1:Bachelors,,1
1118,1:Bachelors,1:Bachelors,,0.667
1119,1:Bachelors,1:Bachelors,,0.999
1120,2:Masters,2:Masters,,1
1121,1:Bachelors,1:Bachelors,,0.999
1122,1:Bachelors,1:Bachelors,,1
1123,1:Bachelors,1:Bachelors,,0.999
1124,3:PHD,1:Bachelors,+,1
1125,1:Bachelors,1:Bachelors,,0.5
1126,2:Masters,2:Masters,,0.999
1127,1:Bachelors,1:Bachelors,,1
1128,1:Bachelors,1:Bachelors,,0.857
1129,1:Bachelors,1:Bachelors,,1
1130,2:Masters,1:Bachelors,+,0.999
1131,1:Bachelors,1:Bachelors,,0.999
1132,1:Bachelors,1:Bachelors,,0.999
1133,1:Bachelors,3:PHD,+,0.999
1134,2:Masters,3:PHD,+,0.999
1135,1:Bachelors,3:PHD,+,0.999
1136,2:Masters,1:Bachelors,+,0.999
1137,1:Bachelors,2:Masters,+,0.999
1138,1:Bachelors,1:Bachelors,,0.999
1139,1:Bachelors,1:Bachelors,,1
1140,1:Bachelors,3:PHD,+,1
1141,2:Masters,1:Bachelors,+,0.75
1142,1:Bachelors,1:Bachelors,,1
1143,2:Masters,1:Bachelors,+,0.999
1144,1:Bachelors,3:PHD,+,0.999
1145,1:Bachelors,1:Bachelors,,1
1146,1:Bachelors,1:Bachelors,,0.999
1147,1:Bachelors,1:Bachelors,,0.999
1148,1:Bachelors,1:Bachelors,,0.999
1149,3:PHD,1:Bachelors,+,0.999
1150,1:Bachelors,1:Bachelors,,1
1151,1:Bachelors,1:Bachelors,,1
1152,1:Bachelors,1:Bachelors,,0.999
1153,1:Bachelors,1:Bachelors,,0.999
1154,1:Bachelors,1:Bachelors,,0.75
1155,1:Bachelors,1:Bachelors,,0.999
1156,2:Masters,2:Masters,,0.999
1157,1:Bachelors,1:Bachelors,,0.999
1158,1:Bachelors,1:Bachelors,,0.999
1159,2:Masters,1:Bachelors,+,0.999
1160,1:Bachelors,1:Bachelors,,0.999
1161,1:Bachelors,1:Bachelors,,0.999
1162,1:Bachelors,1:Bachelors,,1
1163,2:Masters,3:PHD,+,0.999
1164,1:Bachelors,1:Bachelors,,0.999
1165,1:Bachelors,2:Masters,+,0.999
1166,3:PHD,2:Masters,+,0.999
1167,2:Masters,2:Masters,,0.999
1168,3:PHD,1:Bachelors,+,1
1169,1:Bachelors,1:Bachelors,,0.667
1170,1:Bachelors,1:Bachelors,,0.999
1171,1:Bachelors,1:Bachelors,,0.999
1172,1:Bachelors,2:Masters,+,0.999
1173,1:Bachelors,1:Bachelors,,1
1174,1:Bachelors,1:Bachelors,,0.875
1175,2:Masters,1:Bachelors,+,0.833
1176,1:Bachelors,1:Bachelors,,1
1177,1:Bachelors,1:Bachelors,,0.999
1178,1:Bachelors,1:Bachelors,,0.999
1179,1:Bachelors,1:Bachelors,,1
1180,1:Bachelors,1:Bachelors,,0.999
1181,1:Bachelors,1:Bachelors,,1
1182,2:Masters,2:Masters,,0.999
1183,1:Bachelors,1:Bachelors,,0.999
1184,1:Bachelors,1:Bachelors,,0.944
1185,1:Bachelors,1:Bachelors,,1
1186,1:Bachelors,1:Bachelors,,0.857
1187,1:Bachelors,1:Bachelors,,1
1188,1:Bachelors,1:Bachelors,,1
1189,1:Bachelors,1:Bachelors,,0.846
1190,1:Bachelors,1:Bachelors,,0.999
1191,1:Bachelors,1:Bachelors,,0.999
1192,1:Bachelors,1:Bachelors,,1
1193,1:Bachelors,1:Bachelors,,0.999
1194,1:Bachelors,1:Bachelors,,1
1195,1:Bachelors,1:Bachelors,,1
1196,1:Bachelors,1:Bachelors,,1
1197,1:Bachelors,1:Bachelors,,0.999
1198,1:Bachelors,1:Bachelors,,0.999
1199,1:Bachelors,1:Bachelors,,0.999
1200,1:Bachelors,1:Bachelors,,0.999
1201,1:Bachelors,2:Masters,+,0.999
1202,2:Masters,2:Masters,,0.999
1203,1:Bachelors,1:Bachelors,,0.999
1204,1:Bachelors,1:Bachelors,,1
1205,1:Bachelors,1:Bachelors,,1
1206,1:Bachelors,1:Bachelors,,0.999
1207,1:Bachelors,1:Bachelors,,0.999
1208,1:Bachelors,1:Bachelors,,0.8
1209,1:Bachelors,1:Bachelors,,1
1210,1:Bachelors,1:Bachelors,,1
1211,2:Masters,2:Masters,,0.999
1212,1:Bachelors,1:Bachelors,,0.999
1213,1:Bachelors,1:Bachelors,,0.999
1214,1:Bachelors,3:PHD,+,0.999
1215,1:Bachelors,1:Bachelors,,0.9
1216,1:Bachelors,1:Bachelors,,0.944
1217,1:Bachelors,1:Bachelors,,1
1218,1:Bachelors,1:Bachelors,,1
1219,3:PHD,1:Bachelors,+,1
1220,1:Bachelors,1:Bachelors,,0.846
1221,1:Bachelors,1:Bachelors,,0.75
1222,1:Bachelors,1:Bachelors,,1
1223,1:Bachelors,1:Bachelors,,0.875
1224,1:Bachelors,1:Bachelors,,0.999
1225,1:Bachelors,1:Bachelors,,1
1226,2:Masters,1:Bachelors,+,0.999
1227,1:Bachelors,1:Bachelors,,0.999
1228,1:Bachelors,1:Bachelors,,0.5
1229,2:Masters,2:Masters,,0.999
1230,2:Masters,2:Masters,,0.999
1231,1:Bachelors,1:Bachelors,,0.999
1232,1:Bachelors,1:Bachelors,,0.999
1233,1:Bachelors,1:Bachelors,,0.999
1234,1:Bachelors,1:Bachelors,,1
1235,2:Masters,1:Bachelors,+,0.999
1236,1:Bachelors,1:Bachelors,,1
1237,1:Bachelors,1:Bachelors,,0.999
1238,1:Bachelors,1:Bachelors,,0.999
1239,1:Bachelors,1:Bachelors,,0.5
1240,1:Bachelors,1:Bachelors,,1
1241,1:Bachelors,1:Bachelors,,1
1242,1:Bachelors,1:Bachelors,,1
1243,1:Bachelors,1:Bachelors,,1
1244,1:Bachelors,1:Bachelors,,0.999
1245,1:Bachelors,1:Bachelors,,0.75
1246,2:Masters,2:Masters,,0.999
1247,1:Bachelors,1:Bachelors,,0.999
1248,1:Bachelors,1:Bachelors,,0.999
1249,1:Bachelors,1:Bachelors,,0.999
1250,1:Bachelors,2:Masters,+,0.999
1251,2:Masters,1:Bachelors,+,0.5
1252,3:PHD,1:Bachelors,+,0.944
1253,2:Masters,1:Bachelors,+,0.5
1254,2:Masters,1:Bachelors,+,0.999
1255,1:Bachelors,1:Bachelors,,1
1256,1:Bachelors,1:Bachelors,,1
1257,2:Masters,2:Masters,,0.999
1258,1:Bachelors,1:Bachelors,,1
1259,1:Bachelors,1:Bachelors,,1
1260,1:Bachelors,1:Bachelors,,1
1261,1:Bachelors,1:Bachelors,,0.75
1262,1:Bachelors,1:Bachelors,,0.5
1263,1:Bachelors,1:Bachelors,,0.999
1264,1:Bachelors,1:Bachelors,,0.857
1265,1:Bachelors,1:Bachelors,,0.999
1266,1:Bachelors,1:Bachelors,,0.999
1267,1:Bachelors,1:Bachelors,,0.999
1268,1:Bachelors,1:Bachelors,,0.999
1269,1:Bachelors,1:Bachelors,,1
1270,1:Bachelors,1:Bachelors,,0.667
1271,1:Bachelors,1:Bachelors,,0.999
1272,2:Masters,1:Bachelors,+,0.999
1273,1:Bachelors,1:Bachelors,,1
1274,1:Bachelors,1:Bachelors,,0.999
1275,1:Bachelors,1:Bachelors,,0.999
1276,1:Bachelors,1:Bachelors,,0.999
1277,1:Bachelors,1:Bachelors,,0.999
1278,1:Bachelors,1:Bachelors,,1
1279,1:Bachelors,1:Bachelors,,0.999
1280,1:Bachelors,1:Bachelors,,0.999
1281,1:Bachelors,1:Bachelors,,1
1282,1:Bachelors,2:Masters,+,0.999
1283,1:Bachelors,2:Masters,+,0.999
1284,1:Bachelors,1:Bachelors,,0.5
1285,1:Bachelors,1:Bachelors,,0.999
1286,1:Bachelors,1:Bachelors,,0.667
1287,1:Bachelors,1:Bachelors,,0.999
1288,1:Bachelors,1:Bachelors,,1
1289,1:Bachelors,1:Bachelors,,0.999
1290,1:Bachelors,1:Bachelors,,0.999
1291,1:Bachelors,1:Bachelors,,0.999
1292,1:Bachelors,1:Bachelors,,0.667
1293,1:Bachelors,1:Bachelors,,0.999
1294,1:Bachelors,1:Bachelors,,1
1295,1:Bachelors,2:Masters,+,0.999
1296,1:Bachelors,1:Bachelors,,1
1297,1:Bachelors,1:Bachelors,,0.999
1298,1:Bachelors,1:Bachelors,,1
1299,1:Bachelors,1:Bachelors,,1
1300,1:Bachelors,1:Bachelors,,1
1301,1:Bachelors,1:Bachelors,,0.9
1302,1:Bachelors,1:Bachelors,,1
1303,1:Bachelors,1:Bachelors,,0.999
1304,1:Bachelors,1:Bachelors,,0.875
1305,1:Bachelors,1:Bachelors,,0.999
1306,2:Masters,2:Masters,,0.999
1307,2:Masters,2:Masters,,0.999
1308,1:Bachelors,1:Bachelors,,0.999
1309,3:PHD,3:PHD,,0.999
1310,1:Bachelors,1:Bachelors,,0.999
1311,1:Bachelors,1:Bachelors,,0.999
1312,1:Bachelors,1:Bachelors,,1
1313,1:Bachelors,1:Bachelors,,1
1314,1:Bachelors,1:Bachelors,,1
1315,1:Bachelors,1:Bachelors,,1
1316,2:Masters,2:Masters,,0.999
1317,1:Bachelors,1:Bachelors,,0.999
1318,1:Bachelors,1:Bachelors,,1
1319,1:Bachelors,1:Bachelors,,0.999
1320,1:Bachelors,1:Bachelors,,1
1321,1:Bachelors,1:Bachelors,,1
1322,2:Masters,1:Bachelors,+,0.999
1323,1:Bachelors,1:Bachelors,,0.999
1324,1:Bachelors,1:Bachelors,,1
1325,1:Bachelors,1:Bachelors,,0.999
1326,1:Bachelors,1:Bachelors,,0.999
1327,2:Masters,2:Masters,,0.999
1328,1:Bachelors,1:Bachelors,,0.75
1329,2:Masters,2:Masters,,0.999
1330,1:Bachelors,1:Bachelors,,0.999
1331,1:Bachelors,1:Bachelors,,0.999
1332,1:Bachelors,1:Bachelors,,1
1333,1:Bachelors,1:Bachelors,,1
1334,2:Masters,2:Masters,,0.999
1335,2:Masters,2:Masters,,0.999
1336,1:Bachelors,1:Bachelors,,1
1337,1:Bachelors,3:PHD,+,0.999
1338,1:Bachelors,2:Masters,+,0.999
1339,2:Masters,2:Masters,,0.999
1340,1:Bachelors,1:Bachelors,,0.999
1341,2:Masters,2:Masters,,0.999
1342,1:Bachelors,2:Masters,+,0.999
1343,2:Masters,2:Masters,,0.999
1344,2:Masters,2:Masters,,0.999
1345,2:Masters,2:Masters,,1
1346,1:Bachelors,1:Bachelors,,0.999
1347,1:Bachelors,1:Bachelors,,0.999
1348,1:Bachelors,1:Bachelors,,1
1349,1:Bachelors,3:PHD,+,0.999
1350,1:Bachelors,1:Bachelors,,1
1351,1:Bachelors,1:Bachelors,,0.999
1352,1:Bachelors,1:Bachelors,,1
1353,1:Bachelors,1:Bachelors,,0.75
1354,1:Bachelors,1:Bachelors,,0.999
1355,1:Bachelors,1:Bachelors,,1
1356,3:PHD,1:Bachelors,+,1
1357,1:Bachelors,1:Bachelors,,0.846
1358,2:Masters,2:Masters,,1
1359,1:Bachelors,1:Bachelors,,0.999
1360,1:Bachelors,1:Bachelors,,0.999
1361,1:Bachelors,1:Bachelors,,0.999
1362,1:Bachelors,1:Bachelors,,0.5
1363,1:Bachelors,1:Bachelors,,0.999
1364,1:Bachelors,1:Bachelors,,0.999
1365,1:Bachelors,1:Bachelors,,0.999
1366,1:Bachelors,2:Masters,+,0.999
1367,3:PHD,1:Bachelors,+,1
1368,1:Bachelors,2:Masters,+,0.999
1369,1:Bachelors,1:Bachelors,,0.999
1370,1:Bachelors,1:Bachelors,,0.999
1371,2:Masters,2:Masters,,1
1372,1:Bachelors,1:Bachelors,,1
1373,1:Bachelors,1:Bachelors,,0.999
1374,1:Bachelors,2:Masters,+,0.999
1375,1:Bachelors,1:Bachelors,,0.5
1376,2:Masters,1:Bachelors,+,0.999
1377,1:Bachelors,2:Masters,+,0.999
1378,1:Bachelors,1:Bachelors,,0.999
1379,2:Masters,2:Masters,,0.999
1380,1:Bachelors,1:Bachelors,,1
1381,2:Masters,2:Masters,,1
1382,1:Bachelors,2:Masters,+,0.999
1383,2:Masters,2:Masters,,0.999
1384,1:Bachelors,1:Bachelors,,0.999
1385,2:Masters,1:Bachelors,+,0.999
1386,1:Bachelors,1:Bachelors,,0.999
1387,2:Masters,2:Masters,,0.999
1388,1:Bachelors,1:Bachelors,,1
1389,1:Bachelors,1:Bachelors,,0.999
1390,1:Bachelors,1:Bachelors,,0.999
1391,1:Bachelors,1:Bachelors,,0.999
1392,1:Bachelors,1:Bachelors,,0.999
1393,1:Bachelors,1:Bachelors,,1
1394,1:Bachelors,1:Bachelors,,0.999
1395,1:Bachelors,1:Bachelors,,1
1396,1:Bachelors,1:Bachelors,,1
1397,1:Bachelors,1:Bachelors,,0.999
1398,1:Bachelors,1:Bachelors,,1
1399,1:Bachelors,1:Bachelors,,0.999
1400,3:PHD,2:Masters,+,1
1401,1:Bachelors,1:Bachelors,,0.999
1402,1:Bachelors,1:Bachelors,,0.999
1403,1:Bachelors,1:Bachelors,,0.999
1404,1:Bachelors,1:Bachelors,,1
1405,1:Bachelors,1:Bachelors,,0.999
1406,1:Bachelors,1:Bachelors,,0.944
1407,2:Masters,1:Bachelors,+,1
1408,1:Bachelors,1:Bachelors,,1
1409,3:PHD,1:Bachelors,+,0.999
1410,1:Bachelors,1:Bachelors,,0.833
1411,1:Bachelors,1:Bachelors,,1
1412,2:Masters,2:Masters,,0.999
1413,2:Masters,1:Bachelors,+,1
1414,1:Bachelors,1:Bachelors,,0.5
1415,1:Bachelors,1:Bachelors,,0.857
1416,1:Bachelors,1:Bachelors,,1
1417,1:Bachelors,1:Bachelors,,0.999
1418,1:Bachelors,1:Bachelors,,1
1419,3:PHD,2:Masters,+,0.999
1420,2:Masters,2:Masters,,0.999
1421,2:Masters,1:Bachelors,+,0.999
1422,1:Bachelors,1:Bachelors,,0.846
1423,1:Bachelors,3:PHD,+,0.999
1424,1:Bachelors,1:Bachelors,,0.75
1425,1:Bachelors,1:Bachelors,,1
1426,1:Bachelors,1:Bachelors,,0.999
1427,2:Masters,2:Masters,,0.999
1428,1:Bachelors,1:Bachelors,,1
1429,2:Masters,2:Masters,,0.999
1430,1:Bachelors,1:Bachelors,,0.75
1431,1:Bachelors,3:PHD,+,0.999
1432,1:Bachelors,1:Bachelors,,0.999
1433,2:Masters,2:Masters,,0.999
1434,2:Masters,1:Bachelors,+,0.999
1435,1:Bachelors,1:Bachelors,,1
1436,1:Bachelors,2:Masters,+,0.999
1437,2:Masters,1:Bachelors,+,0.999
1438,1:Bachelors,1:Bachelors,,1
1439,1:Bachelors,1:Bachelors,,0.999
1440,2:Masters,2:Masters,,0.999
1441,1:Bachelors,1:Bachelors,,0.999
1442,1:Bachelors,1:Bachelors,,0.999
1443,1:Bachelors,3:PHD,+,0.999
1444,1:Bachelors,3:PHD,+,0.999
1445,1:Bachelors,1:Bachelors,,0.999
1446,1:Bachelors,1:Bachelors,,0.999
1447,1:Bachelors,1:Bachelors,,0.999
1448,1:Bachelors,3:PHD,+,0.999
1449,3:PHD,1:Bachelors,+,0.999
1450,1:Bachelors,1:Bachelors,,1
1451,2:Masters,1:Bachelors,+,0.999
1452,1:Bachelors,1:Bachelors,,0.5
1453,1:Bachelors,1:Bachelors,,0.999
1454,1:Bachelors,1:Bachelors,,1
1455,1:Bachelors,1:Bachelors,,0.999
1456,1:Bachelors,1:Bachelors,,0.5
1457,2:Masters,2:Masters,,1
1458,1:Bachelors,1:Bachelors,,1
1459,1:Bachelors,1:Bachelors,,0.999
1460,2:Masters,2:Masters,,0.999
1461,1:Bachelors,3:PHD,+,0.999
1462,1:Bachelors,1:Bachelors,,0.999
1463,1:Bachelors,1:Bachelors,,0.846
1464,1:Bachelors,1:Bachelors,,0.999
1465,1:Bachelors,1:Bachelors,,1
1466,1:Bachelors,1:Bachelors,,0.999
1467,1:Bachelors,1:Bachelors,,0.9
1468,1:Bachelors,1:Bachelors,,1
1469,1:Bachelors,1:Bachelors,,0.999
1470,1:Bachelors,1:Bachelors,,0.5
1471,2:Masters,1:Bachelors,+,0.999
1472,1:Bachelors,1:Bachelors,,0.999
1473,2:Masters,2:Masters,,0.857
1474,1:Bachelors,1:Bachelors,,1
1475,2:Masters,1:Bachelors,+,0.625
1476,1:Bachelors,1:Bachelors,,0.999
1477,2:Masters,1:Bachelors,+,0.5
1478,1:Bachelors,1:Bachelors,,0.999
1479,1:Bachelors,1:Bachelors,,0.999
1480,1:Bachelors,1:Bachelors,,0.999
1481,2:Masters,2:Masters,,0.999
1482,1:Bachelors,1:Bachelors,,0.999
1483,1:Bachelors,1:Bachelors,,1
1484,1:Bachelors,1:Bachelors,,0.9
1485,2:Masters,3:PHD,+,0.999
1486,1:Bachelors,1:Bachelors,,0.778
1487,1:Bachelors,1:Bachelors,,1
1488,2:Masters,1:Bachelors,+,0.999
1489,1:Bachelors,1:Bachelors,,1
1490,1:Bachelors,1:Bachelors,,0.999
1491,2:Masters,1:Bachelors,+,0.999
1492,1:Bachelors,1:Bachelors,,0.999
1493,2:Masters,1:Bachelors,+,1
1494,3:PHD,3:PHD,,0.999
1495,2:Masters,1:Bachelors,+,0.999
1496,1:Bachelors,1:Bachelors,,0.857
1497,1:Bachelors,1:Bachelors,,1
1498,2:Masters,3:PHD,+,0.999
1499,1:Bachelors,1:Bachelors,,1
1500,1:Bachelors,1:Bachelors,,0.999
1501,1:Bachelors,1:Bachelors,,0.999
1502,1:Bachelors,1:Bachelors,,0.999
1503,1:Bachelors,1:Bachelors,,0.999
1504,1:Bachelors,1:Bachelors,,1
1505,1:Bachelors,1:Bachelors,,0.5
1506,1:Bachelors,1:Bachelors,,0.999
1507,1:Bachelors,1:Bachelors,,0.999
1508,1:Bachelors,1:Bachelors,,1
1509,1:Bachelors,2:Masters,+,0.999
1510,1:Bachelors,1:Bachelors,,0.999
1511,1:Bachelors,1:Bachelors,,1
1512,1:Bachelors,1:Bachelors,,0.857
1513,1:Bachelors,1:Bachelors,,1
1514,2:Masters,2:Masters,,0.667
1515,1:Bachelors,2:Masters,+,0.999
1516,1:Bachelors,1:Bachelors,,0.846
1517,1:Bachelors,1:Bachelors,,0.5
1518,1:Bachelors,1:Bachelors,,0.999
1519,3:PHD,2:Masters,+,0.999
1520,1:Bachelors,1:Bachelors,,1
1521,2:Masters,2:Masters,,1
1522,1:Bachelors,1:Bachelors,,1
1523,1:Bachelors,1:Bachelors,,0.999
1524,1:Bachelors,1:Bachelors,,1
1525,1:Bachelors,1:Bachelors,,0.999
1526,1:Bachelors,2:Masters,+,0.667
1527,1:Bachelors,1:Bachelors,,1
1528,1:Bachelors,1:Bachelors,,0.999
1529,2:Masters,1:Bachelors,+,0.999
1530,2:Masters,2:Masters,,0.999
1531,1:Bachelors,1:Bachelors,,0.333
1532,2:Masters,1:Bachelors,+,0.999
1533,1:Bachelors,1:Bachelors,,0.999
1534,2:Masters,1:Bachelors,+,1
1535,2:Masters,1:Bachelors,+,0.583
1536,2:Masters,2:Masters,,0.999
1537,1:Bachelors,1:Bachelors,,0.999
1538,2:Masters,2:Masters,,0.999
1539,1:Bachelors,1:Bachelors,,0.999
1540,1:Bachelors,1:Bachelors,,1
1541,3:PHD,1:Bachelors,+,0.667
1542,1:Bachelors,1:Bachelors,,0.999
1543,1:Bachelors,1:Bachelors,,0.999
1544,1:Bachelors,1:Bachelors,,0.999
1545,1:Bachelors,1:Bachelors,,1
1546,2:Masters,1:Bachelors,+,0.999
1547,1:Bachelors,1:Bachelors,,0.999
1548,2:Masters,1:Bachelors,+,0.5
1549,1:Bachelors,1:Bachelors,,0.857
1550,1:Bachelors,1:Bachelors,,1
1551,1:Bachelors,1:Bachelors,,0.999
1552,2:Masters,1:Bachelors,+,0.999
1553,1:Bachelors,1:Bachelors,,1
1554,1:Bachelors,1:Bachelors,,0.999
1555,1:Bachelors,1:Bachelors,,0.999
1556,1:Bachelors,3:PHD,+,0.999
1557,1:Bachelors,1:Bachelors,,0.667
1558,3:PHD,2:Masters,+,0.999
1559,1:Bachelors,1:Bachelors,,0.999
1560,1:Bachelors,1:Bachelors,,0.999
1561,2:Masters,3:PHD,+,0.999
1562,1:Bachelors,1:Bachelors,,1
1563,2:Masters,1:Bachelors,+,0.625
1564,1:Bachelors,1:Bachelors,,0.999
1565,1:Bachelors,1:Bachelors,,1
1566,1:Bachelors,1:Bachelors,,0.999
1567,1:Bachelors,1:Bachelors,,0.999
1568,1:Bachelors,2:Masters,+,0.999
1569,1:Bachelors,1:Bachelors,,1
1570,1:Bachelors,1:Bachelors,,0.9
1571,1:Bachelors,1:Bachelors,,1
1572,1:Bachelors,1:Bachelors,,1
1573,3:PHD,2:Masters,+,0.999
1574,1:Bachelors,1:Bachelors,,0.999
1575,1:Bachelors,1:Bachelors,,0.999
1576,1:Bachelors,1:Bachelors,,0.999
1577,1:Bachelors,1:Bachelors,,0.999
1578,1:Bachelors,1:Bachelors,,0.875
1579,1:Bachelors,1:Bachelors,,0.999
1580,1:Bachelors,1:Bachelors,,0.875
1581,3:PHD,1:Bachelors,+,0.889
1582,1:Bachelors,1:Bachelors,,0.999
1583,1:Bachelors,2:Masters,+,1
1584,2:Masters,3:PHD,+,0.999
1585,1:Bachelors,1:Bachelors,,0.999
1586,2:Masters,2:Masters,,0.999
1587,2:Masters,2:Masters,,0.999
1588,2:Masters,1:Bachelors,+,0.999
1589,1:Bachelors,1:Bachelors,,0.999
1590,1:Bachelors,1:Bachelors,,1
1591,1:Bachelors,1:Bachelors,,1
1592,1:Bachelors,1:Bachelors,,1
1593,1:Bachelors,1:Bachelors,,1
1594,1:Bachelors,1:Bachelors,,1
1595,2:Masters,2:Masters,,0.999
1596,1:Bachelors,1:Bachelors,,1
1597,1:Bachelors,1:Bachelors,,0.999
1598,1:Bachelors,1:Bachelors,,1
1599,1:Bachelors,1:Bachelors,,1
1600,1:Bachelors,1:Bachelors,,1
1601,1:Bachelors,2:Masters,+,0.999
1602,2:Masters,2:Masters,,0.999
1603,2:Masters,2:Masters,,0.999
1604,1:Bachelors,1:Bachelors,,0.583
1605,1:Bachelors,1:Bachelors,,0.999
1606,1:Bachelors,1:Bachelors,,0.667
1607,1:Bachelors,1:Bachelors,,0.5
1608,1:Bachelors,1:Bachelors,,0.5
1609,1:Bachelors,1:Bachelors,,0.999
1610,1:Bachelors,2:Masters,+,0.999
1611,1:Bachelors,1:Bachelors,,0.999
1612,1:Bachelors,2:Masters,+,0.999
1613,1:Bachelors,1:Bachelors,,1
1614,1:Bachelors,1:Bachelors,,0.667
1615,1:Bachelors,1:Bachelors,,1
1616,2:Masters,1:Bachelors,+,0.999
1617,3:PHD,2:Masters,+,0.999
1618,1:Bachelors,1:Bachelors,,0.999
1619,1:Bachelors,1:Bachelors,,0.999
1620,1:Bachelors,2:Masters,+,0.999
1621,1:Bachelors,1:Bachelors,,1
1622,1:Bachelors,1:Bachelors,,0.5
1623,1:Bachelors,1:Bachelors,,0.999
1624,1:Bachelors,1:Bachelors,,0.999
1625,1:Bachelors,3:PHD,+,0.999
1626,1:Bachelors,1:Bachelors,,0.999
1627,1:Bachelors,1:Bachelors,,1
1628,1:Bachelors,1:Bachelors,,1
1629,1:Bachelors,3:PHD,+,0.999
1630,1:Bachelors,1:Bachelors,,0.5
1631,1:Bachelors,1:Bachelors,,0.999
1632,2:Masters,1:Bachelors,+,0.5
1633,1:Bachelors,1:Bachelors,,0.857
1634,1:Bachelors,1:Bachelors,,0.999
1635,1:Bachelors,1:Bachelors,,0.75
1636,2:Masters,1:Bachelors,+,0.999
1637,1:Bachelors,1:Bachelors,,0.999
1638,1:Bachelors,1:Bachelors,,1
1639,2:Masters,2:Masters,,1
1640,1:Bachelors,1:Bachelors,,0.999
1641,1:Bachelors,1:Bachelors,,0.999
1642,1:Bachelors,1:Bachelors,,0.999
1643,2:Masters,1:Bachelors,+,0.5
1644,2:Masters,1:Bachelors,+,0.5
1645,1:Bachelors,1:Bachelors,,0.5
1646,1:Bachelors,1:Bachelors,,1
1647,1:Bachelors,2:Masters,+,0.999
1648,1:Bachelors,1:Bachelors,,0.999
1649,1:Bachelors,1:Bachelors,,0.999
1650,1:Bachelors,2:Masters,+,0.999
1651,3:PHD,1:Bachelors,+,0.999
1652,1:Bachelors,1:Bachelors,,0.999
1653,1:Bachelors,1:Bachelors,,1
1654,1:Bachelors,1:Bachelors,,0.999
1655,1:Bachelors,1:Bachelors,,0.999
1656,2:Masters,2:Masters,,1
1657,1:Bachelors,1:Bachelors,,0.833
1658,2:Masters,2:Masters,,1
1659,1:Bachelors,1:Bachelors,,0.999
1660,1:Bachelors,1:Bachelors,,0.5
1661,1:Bachelors,1:Bachelors,,0.667
1662,1:Bachelors,1:Bachelors,,0.999
1663,2:Masters,1:Bachelors,+,0.999
1664,1:Bachelors,1:Bachelors,,1
1665,1:Bachelors,1:Bachelors,,0.999
1666,1:Bachelors,1:Bachelors,,1
1667,1:Bachelors,1:Bachelors,,1
1668,2:Masters,2:Masters,,1
1669,2:Masters,1:Bachelors,+,0.999
1670,1:Bachelors,1:Bachelors,,0.999
1671,1:Bachelors,1:Bachelors,,1
1672,2:Masters,2:Masters,,0.999
1673,1:Bachelors,1:Bachelors,,1
1674,1:Bachelors,1:Bachelors,,0.999
1675,1:Bachelors,1:Bachelors,,1
1676,2:Masters,1:Bachelors,+,0.999
1677,1:Bachelors,1:Bachelors,,0.999
1678,1:Bachelors,1:Bachelors,,0.999
1679,2:Masters,1:Bachelors,+,0.75
1680,1:Bachelors,1:Bachelors,,0.5
1681,2:Masters,2:Masters,,0.999
1682,1:Bachelors,1:Bachelors,,1
1683,1:Bachelors,1:Bachelors,,0.75
1684,2:Masters,1:Bachelors,+,1
1685,1:Bachelors,3:PHD,+,0.999
1686,1:Bachelors,1:Bachelors,,1
1687,2:Masters,1:Bachelors,+,0.857
1688,2:Masters,1:Bachelors,+,0.999
1689,1:Bachelors,2:Masters,+,0.999
1690,1:Bachelors,1:Bachelors,,1
1691,1:Bachelors,1:Bachelors,,0.999
1692,1:Bachelors,1:Bachelors,,1
1693,1:Bachelors,1:Bachelors,,0.999
1694,1:Bachelors,1:Bachelors,,0.999
1695,1:Bachelors,1:Bachelors,,1
1696,1:Bachelors,1:Bachelors,,1
1697,2:Masters,2:Masters,,1
1698,1:Bachelors,2:Masters,+,1
1699,2:Masters,1:Bachelors,+,0.5
1700,2:Masters,1:Bachelors,+,0.5
1701,1:Bachelors,1:Bachelors,,0.999
1702,1:Bachelors,2:Masters,+,0.667
1703,1:Bachelors,2:Masters,+,0.999
1704,1:Bachelors,1:Bachelors,,0.999
1705,1:Bachelors,1:Bachelors,,0.999
1706,1:Bachelors,1:Bachelors,,1
1707,1:Bachelors,1:Bachelors,,0.8
1708,1:Bachelors,1:Bachelors,,1
1709,1:Bachelors,1:Bachelors,,0.5
1710,1:Bachelors,1:Bachelors,,1
1711,2:Masters,2:Masters,,0.999
1712,2:Masters,2:Masters,,0.999
1713,1:Bachelors,2:Masters,+,1
1714,2:Masters,2:Masters,,0.5
1715,1:Bachelors,1:Bachelors,,0.999
1716,1:Bachelors,1:Bachelors,,0.999
1717,1:Bachelors,1:Bachelors,,1
1718,1:Bachelors,1:Bachelors,,0.667
1719,3:PHD,1:Bachelors,+,0.999
1720,3:PHD,2:Masters,+,0.999
1721,1:Bachelors,2:Masters,+,0.999
1722,1:Bachelors,1:Bachelors,,0.999
1723,1:Bachelors,1:Bachelors,,0.778
1724,1:Bachelors,1:Bachelors,,0.999
1725,2:Masters,1:Bachelors,+,0.999
1726,1:Bachelors,1:Bachelors,,0.857
1727,1:Bachelors,1:Bachelors,,0.999
1728,1:Bachelors,1:Bachelors,,0.667
1729,1:Bachelors,1:Bachelors,,0.5
1730,1:Bachelors,1:Bachelors,,0.75
1731,2:Masters,1:Bachelors,+,1
1732,1:Bachelors,1:Bachelors,,0.999
1733,1:Bachelors,2:Masters,+,0.999
1734,2:Masters,2:Masters,,1
1735,1:Bachelors,1:Bachelors,,1
1736,1:Bachelors,1:Bachelors,,0.5
1737,1:Bachelors,1:Bachelors,,1
1738,1:Bachelors,1:Bachelors,,1
1739,2:Masters,1:Bachelors,+,0.667
1740,1:Bachelors,1:Bachelors,,1
1741,1:Bachelors,1:Bachelors,,0.999
1742,1:Bachelors,1:Bachelors,,0.999
1743,1:Bachelors,1:Bachelors,,0.636
1744,2:Masters,1:Bachelors,+,1
1745,1:Bachelors,1:Bachelors,,0.875
1746,1:Bachelors,1:Bachelors,,1
1747,1:Bachelors,1:Bachelors,,0.999
1748,1:Bachelors,1:Bachelors,,0.999
1749,1:Bachelors,1:Bachelors,,0.75
1750,2:Masters,2:Masters,,0.999
1751,1:Bachelors,1:Bachelors,,0.999
1752,1:Bachelors,2:Masters,+,0.999
1753,1:Bachelors,3:PHD,+,0.667
1754,1:Bachelors,1:Bachelors,,0.999
1755,3:PHD,1:Bachelors,+,0.999
1756,1:Bachelors,1:Bachelors,,0.5
1757,2:Masters,1:Bachelors,+,0.999
1758,2:Masters,1:Bachelors,+,0.999
1759,2:Masters,1:Bachelors,+,0.999
1760,1:Bachelors,1:Bachelors,,0.5
1761,1:Bachelors,1:Bachelors,,0.999
1762,1:Bachelors,1:Bachelors,,0.999
1763,2:Masters,2:Masters,,0.999
1764,2:Masters,2:Masters,,0.999
1765,1:Bachelors,3:PHD,+,0.999
1766,1:Bachelors,1:Bachelors,,0.999
1767,1:Bachelors,1:Bachelors,,0.9
1768,1:Bachelors,1:Bachelors,,0.999
1769,1:Bachelors,1:Bachelors,,0.8
1770,3:PHD,1:Bachelors,+,0.999
1771,1:Bachelors,1:Bachelors,,1
1772,2:Masters,2:Masters,,1
1773,1:Bachelors,1:Bachelors,,1
1774,2:Masters,2:Masters,,1
1775,3:PHD,1:Bachelors,+,0.5
1776,1:Bachelors,1:Bachelors,,0.999
1777,2:Masters,1:Bachelors,+,0.5
1778,1:Bachelors,1:Bachelors,,1
1779,1:Bachelors,1:Bachelors,,0.999
1780,1:Bachelors,1:Bachelors,,0.5
1781,2:Masters,2:Masters,,0.667
1782,1:Bachelors,1:Bachelors,,1
1783,1:Bachelors,1:Bachelors,,1
1784,1:Bachelors,1:Bachelors,,0.5
1785,1:Bachelors,1:Bachelors,,1
1786,1:Bachelors,1:Bachelors,,0.999
1787,1:Bachelors,1:Bachelors,,0.999
1788,1:Bachelors,1:Bachelors,,0.667
1789,1:Bachelors,1:Bachelors,,1
1790,1:Bachelors,1:Bachelors,,0.5
1791,1:Bachelors,1:Bachelors,,0.999
1792,1:Bachelors,1:Bachelors,,0.999
1793,1:Bachelors,1:Bachelors,,1
1794,1:Bachelors,1:Bachelors,,0.999
1795,1:Bachelors,2:Masters,+,0.999
1796,1:Bachelors,1:Bachelors,,1
1797,1:Bachelors,1:Bachelors,,0.999
1798,2:Masters,1:Bachelors,+,0.999
1799,1:Bachelors,1:Bachelors,,1
1800,1:Bachelors,1:Bachelors,,0.999
1801,1:Bachelors,1:Bachelors,,1
1802,1:Bachelors,1:Bachelors,,0.999
1803,2:Masters,1:Bachelors,+,1
1804,2:Masters,1:Bachelors,+,0.999
1805,1:Bachelors,1:Bachelors,,0.999
1806,1:Bachelors,1:Bachelors,,0.999
1807,1:Bachelors,1:Bachelors,,0.999
1808,1:Bachelors,1:Bachelors,,0.999
1809,2:Masters,1:Bachelors,+,1
1810,2:Masters,1:Bachelors,+,0.667
1811,2:Masters,1:Bachelors,+,0.999
1812,1:Bachelors,1:Bachelors,,0.999
1813,2:Masters,1:Bachelors,+,0.999
1814,1:Bachelors,1:Bachelors,,0.9
1815,1:Bachelors,1:Bachelors,,0.999
1816,2:Masters,1:Bachelors,+,0.999
1817,1:Bachelors,1:Bachelors,,1
1818,1:Bachelors,1:Bachelors,,0.999
1819,1:Bachelors,1:Bachelors,,0.999
1820,1:Bachelors,1:Bachelors,,1
1821,1:Bachelors,1:Bachelors,,0.999
1822,1:Bachelors,1:Bachelors,,1
1823,1:Bachelors,1:Bachelors,,0.999
1824,1:Bachelors,1:Bachelors,,0.999
1825,1:Bachelors,1:Bachelors,,0.999
1826,2:Masters,1:Bachelors,+,1
1827,1:Bachelors,1:Bachelors,,1
1828,1:Bachelors,1:Bachelors,,1
1829,1:Bachelors,1:Bachelors,,0.999
1830,1:Bachelors,1:Bachelors,,0.999
1831,1:Bachelors,1:Bachelors,,0.999
1832,1:Bachelors,1:Bachelors,,0.999
1833,1:Bachelors,1:Bachelors,,1
1834,2:Masters,2:Masters,,0.999
1835,1:Bachelors,1:Bachelors,,0.999
1836,1:Bachelors,1:Bachelors,,0.999
1837,1:Bachelors,1:Bachelors,,0.857
1838,2:Masters,2:Masters,,1
1839,1:Bachelors,1:Bachelors,,0.999
1840,1:Bachelors,3:PHD,+,0.999
1841,1:Bachelors,1:Bachelors,,0.999
1842,1:Bachelors,1:Bachelors,,0.999
1843,1:Bachelors,1:Bachelors,,0.5
1844,1:Bachelors,1:Bachelors,,0.875
1845,1:Bachelors,1:Bachelors,,0.999
1846,2:Masters,2:Masters,,0.999
1847,1:Bachelors,1:Bachelors,,1
1848,1:Bachelors,3:PHD,+,0.999
1849,1:Bachelors,1:Bachelors,,0.8
1850,2:Masters,2:Masters,,1
1851,1:Bachelors,1:Bachelors,,0.999
1852,1:Bachelors,1:Bachelors,,0.999
1853,1:Bachelors,1:Bachelors,,0.999
1854,1:Bachelors,1:Bachelors,,1
1855,1:Bachelors,1:Bachelors,,1
1856,1:Bachelors,1:Bachelors,,0.999
1857,1:Bachelors,2:Masters,+,0.999
1858,1:Bachelors,1:Bachelors,,1
1859,2:Masters,2:Masters,,0.999
1860,1:Bachelors,1:Bachelors,,0.5
1861,1:Bachelors,1:Bachelors,,0.999
1862,1:Bachelors,1:Bachelors,,1
1863,1:Bachelors,1:Bachelors,,1
1864,1:Bachelors,1:Bachelors,,1
1865,1:Bachelors,1:Bachelors,,1
1866,1:Bachelors,2:Masters,+,0.999
1867,1:Bachelors,1:Bachelors,,1
1868,2:Masters,1:Bachelors,+,0.999
1869,1:Bachelors,1:Bachelors,,0.999
1870,1:Bachelors,1:Bachelors,,1
1871,1:Bachelors,1:Bachelors,,0.999
1872,1:Bachelors,1:Bachelors,,1
1873,3:PHD,1:Bachelors,+,0.999
1874,2:Masters,2:Masters,,0.999
1875,1:Bachelors,1:Bachelors,,0.999
1876,2:Masters,2:Masters,,0.999
1877,2:Masters,2:Masters,,0.999
1878,1:Bachelors,1:Bachelors,,1
1879,1:Bachelors,1:Bachelors,,0.5
1880,1:Bachelors,1:Bachelors,,1
1881,2:Masters,1:Bachelors,+,0.999
1882,1:Bachelors,1:Bachelors,,0.999
1883,1:Bachelors,1:Bachelors,,1
1884,1:Bachelors,1:Bachelors,,1
1885,1:Bachelors,1:Bachelors,,0.999
1886,1:Bachelors,1:Bachelors,,1
1887,1:Bachelors,1:Bachelors,,0.857
1888,1:Bachelors,1:Bachelors,,0.999
1889,2:Masters,1:Bachelors,+,1
1890,1:Bachelors,1:Bachelors,,0.999
1891,1:Bachelors,1:Bachelors,,0.999
1892,2:Masters,1:Bachelors,+,0.5
1893,1:Bachelors,1:Bachelors,,0.999
1894,2:Masters,2:Masters,,0.999
1895,1:Bachelors,1:Bachelors,,1
1896,1:Bachelors,1:Bachelors,,1
1897,3:PHD,2:Masters,+,0.999
1898,2:Masters,2:Masters,,0.999
1899,1:Bachelors,1:Bachelors,,0.999
1900,1:Bachelors,1:Bachelors,,0.999
1901,1:Bachelors,1:Bachelors,,0.999
1902,2:Masters,1:Bachelors,+,1
1903,1:Bachelors,1:Bachelors,,1
1904,3:PHD,1:Bachelors,+,0.6
1905,1:Bachelors,1:Bachelors,,0.999
1906,1:Bachelors,1:Bachelors,,0.999
1907,1:Bachelors,1:Bachelors,,1
1908,1:Bachelors,1:Bachelors,,1
1909,1:Bachelors,1:Bachelors,,0.875
1910,1:Bachelors,1:Bachelors,,0.999
1911,1:Bachelors,1:Bachelors,,0.875
1912,1:Bachelors,1:Bachelors,,1
1913,1:Bachelors,1:Bachelors,,1
1914,2:Masters,2:Masters,,0.999
1915,2:Masters,2:Masters,,1
1916,1:Bachelors,2:Masters,+,0.999
1917,1:Bachelors,1:Bachelors,,1
1918,1:Bachelors,1:Bachelors,,0.999
1919,1:Bachelors,1:Bachelors,,0.999
1920,1:Bachelors,1:Bachelors,,0.999
1921,2:Masters,1:Bachelors,+,1
1922,1:Bachelors,1:Bachelors,,0.999
1923,1:Bachelors,1:Bachelors,,0.999
1924,1:Bachelors,1:Bachelors,,0.999
1925,2:Masters,1:Bachelors,+,0.999
1926,1:Bachelors,1:Bachelors,,0.999
1927,1:Bachelors,1:Bachelors,,0.999
1928,1:Bachelors,1:Bachelors,,0.999
1929,1:Bachelors,2:Masters,+,0.999
1930,2:Masters,1:Bachelors,+,0.999
1931,1:Bachelors,1:Bachelors,,1
1932,1:Bachelors,1:Bachelors,,1
1933,2:Masters,2:Masters,,0.999
1934,2:Masters,2:Masters,,1
1935,1:Bachelors,1:Bachelors,,1
1936,1:Bachelors,1:Bachelors,,0.999
1937,1:Bachelors,1:Bachelors,,1
1938,1:Bachelors,1:Bachelors,,1
1939,1:Bachelors,1:Bachelors,,1
1940,1:Bachelors,1:Bachelors,,0.999
1941,1:Bachelors,1:Bachelors,,1
1942,2:Masters,2:Masters,,1
1943,1:Bachelors,1:Bachelors,,1
1944,1:Bachelors,1:Bachelors,,0.999
1945,1:Bachelors,1:Bachelors,,0.875
1946,1:Bachelors,1:Bachelors,,0.999
1947,1:Bachelors,1:Bachelors,,0.999
1948,1:Bachelors,1:Bachelors,,1
1949,1:Bachelors,1:Bachelors,,0.8
1950,1:Bachelors,1:Bachelors,,0.999
1951,2:Masters,1:Bachelors,+,0.999
1952,2:Masters,2:Masters,,1
1953,1:Bachelors,1:Bachelors,,0.857
1954,1:Bachelors,1:Bachelors,,1
1955,2:Masters,1:Bachelors,+,0.999
1956,2:Masters,2:Masters,,1
1957,1:Bachelors,2:Masters,+,1
1958,1:Bachelors,1:Bachelors,,1
1959,1:Bachelors,1:Bachelors,,1
1960,1:Bachelors,1:Bachelors,,0.999
1961,1:Bachelors,1:Bachelors,,1
1962,1:Bachelors,1:Bachelors,,1
1963,1:Bachelors,1:Bachelors,,0.999
1964,2:Masters,1:Bachelors,+,0.5
1965,1:Bachelors,1:Bachelors,,0.999
1966,2:Masters,1:Bachelors,+,0.625
1967,1:Bachelors,1:Bachelors,,0.999
1968,1:Bachelors,1:Bachelors,,0.833
1969,2:Masters,2:Masters,,0.999
1970,1:Bachelors,1:Bachelors,,1
1971,1:Bachelors,1:Bachelors,,1
1972,1:Bachelors,1:Bachelors,,1
1973,1:Bachelors,1:Bachelors,,0.999
1974,1:Bachelors,1:Bachelors,,1
1975,1:Bachelors,1:Bachelors,,0.999
1976,1:Bachelors,1:Bachelors,,1
1977,1:Bachelors,2:Masters,+,0.999
1978,2:Masters,2:Masters,,0.999
1979,3:PHD,2:Masters,+,0.999
1980,1:Bachelors,1:Bachelors,,1
1981,1:Bachelors,1:Bachelors,,1
1982,1:Bachelors,1:Bachelors,,0.999
1983,1:Bachelors,1:Bachelors,,0.5
1984,1:Bachelors,1:Bachelors,,1
1985,2:Masters,1:Bachelors,+,0.999
1986,2:Masters,1:Bachelors,+,0.5
1987,2:Masters,1:Bachelors,+,1
1988,1:Bachelors,2:Masters,+,0.999
1989,1:Bachelors,1:Bachelors,,1
1990,1:Bachelors,1:Bachelors,,1
1991,1:Bachelors,1:Bachelors,,0.999
1992,1:Bachelors,1:Bachelors,,0.999
1993,1:Bachelors,1:Bachelors,,0.999
1994,1:Bachelors,2:Masters,+,0.999
1995,1:Bachelors,1:Bachelors,,0.999
1996,1:Bachelors,1:Bachelors,,1
1997,1:Bachelors,1:Bachelors,,0.999
1998,1:Bachelors,1:Bachelors,,0.999
1999,2:Masters,2:Masters,,0.999
2000,1:Bachelors,1:Bachelors,,0.999
2001,2:Masters,1:Bachelors,+,0.999
2002,1:Bachelors,1:Bachelors,,1
2003,1:Bachelors,1:Bachelors,,0.999
2004,2:Masters,2:Masters,,0.999
2005,1:Bachelors,1:Bachelors,,1
2006,1:Bachelors,1:Bachelors,,0.999
2007,1:Bachelors,1:Bachelors,,1
2008,1:Bachelors,1:Bachelors,,0.999
2009,2:Masters,1:Bachelors,+,0.999
2010,1:Bachelors,1:Bachelors,,0.944
2011,1:Bachelors,3:PHD,+,0.999
2012,1:Bachelors,3:PHD,+,0.999
2013,1:Bachelors,1:Bachelors,,0.5
2014,1:Bachelors,1:Bachelors,,0.999
2015,2:Masters,2:Masters,,1
2016,1:Bachelors,1:Bachelors,,0.999
2017,1:Bachelors,1:Bachelors,,0.999
2018,1:Bachelors,1:Bachelors,,0.999
2019,1:Bachelors,1:Bachelors,,0.5
2020,1:Bachelors,1:Bachelors,,0.999
2021,2:Masters,1:Bachelors,+,1
2022,1:Bachelors,1:Bachelors,,1
2023,1:Bachelors,2:Masters,+,0.999
2024,1:Bachelors,1:Bachelors,,0.999
2025,1:Bachelors,1:Bachelors,,1
2026,1:Bachelors,1:Bachelors,,0.5
2027,1:Bachelors,1:Bachelors,,1
2028,1:Bachelors,1:Bachelors,,0.875
2029,1:Bachelors,1:Bachelors,,1
2030,1:Bachelors,1:Bachelors,,1
2031,1:Bachelors,1:Bachelors,,1
2032,1:Bachelors,1:Bachelors,,0.75
2033,1:Bachelors,1:Bachelors,,0.999
2034,2:Masters,3:PHD,+,0.667
2035,1:Bachelors,1:Bachelors,,1
2036,1:Bachelors,1:Bachelors,,0.999
2037,1:Bachelors,1:Bachelors,,1
2038,3:PHD,3:PHD,,0.667
2039,1:Bachelors,1:Bachelors,,0.999
2040,2:Masters,2:Masters,,0.999
2041,1:Bachelors,1:Bachelors,,1
2042,1:Bachelors,1:Bachelors,,0.999
2043,3:PHD,1:Bachelors,+,0.999
2044,1:Bachelors,1:Bachelors,,1
2045,1:Bachelors,1:Bachelors,,0.999
2046,1:Bachelors,1:Bachelors,,1
2047,1:Bachelors,1:Bachelors,,0.999
2048,1:Bachelors,1:Bachelors,,1
2049,1:Bachelors,1:Bachelors,,0.999
2050,1:Bachelors,1:Bachelors,,1
2051,2:Masters,1:Bachelors,+,1
2052,1:Bachelors,1:Bachelors,,0.999
2053,2:Masters,1:Bachelors,+,0.999
2054,1:Bachelors,1:Bachelors,,0.999
2055,1:Bachelors,1:Bachelors,,0.999
2056,1:Bachelors,1:Bachelors,,0.75
2057,1:Bachelors,1:Bachelors,,0.999
2058,1:Bachelors,1:Bachelors,,0.9
2059,1:Bachelors,1:Bachelors,,0.999
2060,2:Masters,3:PHD,+,0.999
2061,1:Bachelors,1:Bachelors,,1
2062,1:Bachelors,1:Bachelors,,1
2063,1:Bachelors,1:Bachelors,,0.999
2064,1:Bachelors,1:Bachelors,,0.999
2065,2:Masters,2:Masters,,0.999
2066,1:Bachelors,2:Masters,+,0.999
2067,1:Bachelors,1:Bachelors,,0.9
2068,1:Bachelors,1:Bachelors,,1
2069,2:Masters,2:Masters,,0.999
2070,3:PHD,1:Bachelors,+,0.999
2071,1:Bachelors,1:Bachelors,,1
2072,1:Bachelors,1:Bachelors,,1
2073,1:Bachelors,2:Masters,+,0.999
2074,1:Bachelors,1:Bachelors,,0.999
2075,1:Bachelors,1:Bachelors,,1
2076,2:Masters,1:Bachelors,+,0.5
2077,1:Bachelors,1:Bachelors,,1
2078,1:Bachelors,1:Bachelors,,1
2079,1:Bachelors,1:Bachelors,,0.999
2080,1:Bachelors,3:PHD,+,0.999
2081,2:Masters,2:Masters,,0.999
2082,2:Masters,2:Masters,,1
2083,2:Masters,2:Masters,,0.999
2084,1:Bachelors,2:Masters,+,0.999
2085,1:Bachelors,1:Bachelors,,0.5
2086,1:Bachelors,1:Bachelors,,0.5
2087,1:Bachelors,1:Bachelors,,0.999
2088,1:Bachelors,1:Bachelors,,0.75
2089,1:Bachelors,1:Bachelors,,0.846
2090,3:PHD,1:Bachelors,+,0.5
2091,1:Bachelors,1:Bachelors,,0.999
2092,1:Bachelors,1:Bachelors,,0.999
2093,1:Bachelors,1:Bachelors,,0.5
2094,1:Bachelors,1:Bachelors,,0.999
2095,1:Bachelors,1:Bachelors,,1
2096,1:Bachelors,1:Bachelors,,1
2097,1:Bachelors,1:Bachelors,,0.999
2098,2:Masters,3:PHD,+,0.999
2099,1:Bachelors,1:Bachelors,,0.999
2100,1:Bachelors,1:Bachelors,,0.999
2101,1:Bachelors,1:Bachelors,,0.833
2102,3:PHD,1:Bachelors,+,0.999
2103,1:Bachelors,1:Bachelors,,1
2104,1:Bachelors,1:Bachelors,,0.846
2105,2:Masters,2:Masters,,0.999
2106,1:Bachelors,2:Masters,+,0.999
2107,1:Bachelors,1:Bachelors,,0.999
2108,1:Bachelors,1:Bachelors,,0.999
2109,1:Bachelors,1:Bachelors,,0.999
2110,1:Bachelors,1:Bachelors,,0.999
2111,1:Bachelors,1:Bachelors,,1
2112,1:Bachelors,1:Bachelors,,1
2113,2:Masters,2:Masters,,0.999
2114,1:Bachelors,1:Bachelors,,1
2115,1:Bachelors,1:Bachelors,,0.999
2116,1:Bachelors,1:Bachelors,,0.999
2117,1:Bachelors,1:Bachelors,,0.667
2118,1:Bachelors,1:Bachelors,,0.75
2119,1:Bachelors,1:Bachelors,,0.999
2120,1:Bachelors,1:Bachelors,,0.999
2121,2:Masters,1:Bachelors,+,0.999
2122,1:Bachelors,1:Bachelors,,1
2123,2:Masters,1:Bachelors,+,0.999
2124,1:Bachelors,1:Bachelors,,0.999
2125,1:Bachelors,1:Bachelors,,1
2126,1:Bachelors,1:Bachelors,,1
2127,3:PHD,2:Masters,+,1
2128,1:Bachelors,3:PHD,+,0.999
2129,1:Bachelors,1:Bachelors,,1
2130,1:Bachelors,1:Bachelors,,1
2131,1:Bachelors,1:Bachelors,,1
2132,1:Bachelors,1:Bachelors,,0.999
2133,1:Bachelors,1:Bachelors,,1
2134,1:Bachelors,1:Bachelors,,0.999
2135,1:Bachelors,2:Masters,+,1
2136,1:Bachelors,1:Bachelors,,1
2137,2:Masters,2:Masters,,0.999
2138,2:Masters,1:Bachelors,+,1
2139,1:Bachelors,1:Bachelors,,0.999
2140,1:Bachelors,1:Bachelors,,0.5
2141,2:Masters,1:Bachelors,+,0.999
2142,1:Bachelors,1:Bachelors,,0.999
2143,1:Bachelors,1:Bachelors,,0.999
2144,1:Bachelors,1:Bachelors,,0.999
2145,2:Masters,1:Bachelors,+,0.999
2146,1:Bachelors,1:Bachelors,,0.875
2147,1:Bachelors,1:Bachelors,,0.583
2148,1:Bachelors,1:Bachelors,,0.999
2149,2:Masters,1:Bachelors,+,1
2150,1:Bachelors,1:Bachelors,,0.75
2151,2:Masters,1:Bachelors,+,0.999
2152,1:Bachelors,1:Bachelors,,1
2153,1:Bachelors,1:Bachelors,,0.999
2154,1:Bachelors,1:Bachelors,,1
2155,2:Masters,2:Masters,,0.999
2156,1:Bachelors,2:Masters,+,0.999
2157,1:Bachelors,1:Bachelors,,0.999
2158,1:Bachelors,1:Bachelors,,0.667
2159,1:Bachelors,1:Bachelors,,0.999
2160,1:Bachelors,1:Bachelors,,0.5
2161,1:Bachelors,1:Bachelors,,0.857
2162,1:Bachelors,1:Bachelors,,1
2163,1:Bachelors,1:Bachelors,,0.5
2164,1:Bachelors,1:Bachelors,,0.999
2165,1:Bachelors,1:Bachelors,,0.999
2166,1:Bachelors,1:Bachelors,,0.999
2167,1:Bachelors,1:Bachelors,,0.999
2168,1:Bachelors,3:PHD,+,0.999
2169,3:PHD,2:Masters,+,0.999
2170,1:Bachelors,1:Bachelors,,0.999
2171,1:Bachelors,1:Bachelors,,1
2172,1:Bachelors,1:Bachelors,,0.999
2173,1:Bachelors,1:Bachelors,,0.999
2174,1:Bachelors,1:Bachelors,,0.5
2175,1:Bachelors,1:Bachelors,,0.999
2176,1:Bachelors,1:Bachelors,,0.999
2177,1:Bachelors,1:Bachelors,,0.999
2178,1:Bachelors,1:Bachelors,,1
2179,1:Bachelors,1:Bachelors,,1
2180,1:Bachelors,1:Bachelors,,1
2181,1:Bachelors,1:Bachelors,,0.999
2182,1:Bachelors,1:Bachelors,,0.999
2183,1:Bachelors,1:Bachelors,,0.999
2184,1:Bachelors,1:Bachelors,,0.999
2185,1:Bachelors,1:Bachelors,,1
2186,2:Masters,1:Bachelors,+,0.999
2187,1:Bachelors,1:Bachelors,,0.999
2188,2:Masters,1:Bachelors,+,0.999
2189,1:Bachelors,1:Bachelors,,0.999
2190,1:Bachelors,1:Bachelors,,1
2191,1:Bachelors,1:Bachelors,,0.999
2192,1:Bachelors,1:Bachelors,,0.333
2193,1:Bachelors,1:Bachelors,,0.999
2194,1:Bachelors,1:Bachelors,,1
2195,1:Bachelors,1:Bachelors,,1
2196,1:Bachelors,1:Bachelors,,0.999
2197,1:Bachelors,1:Bachelors,,0.5
2198,1:Bachelors,1:Bachelors,,0.999
2199,1:Bachelors,1:Bachelors,,0.999
2200,1:Bachelors,1:Bachelors,,0.999
2201,3:PHD,1:Bachelors,+,0.999
2202,1:Bachelors,1:Bachelors,,0.846
2203,1:Bachelors,1:Bachelors,,1
2204,2:Masters,2:Masters,,0.999
2205,1:Bachelors,1:Bachelors,,0.667
2206,3:PHD,1:Bachelors,+,0.857
2207,1:Bachelors,1:Bachelors,,0.999
2208,2:Masters,1:Bachelors,+,1
2209,2:Masters,1:Bachelors,+,1
2210,2:Masters,2:Masters,,0.999
2211,1:Bachelors,1:Bachelors,,1
2212,3:PHD,1:Bachelors,+,0.999
2213,1:Bachelors,1:Bachelors,,1
2214,2:Masters,1:Bachelors,+,0.999
2215,2:Masters,1:Bachelors,+,0.999
2216,2:Masters,2:Masters,,0.999
2217,1:Bachelors,1:Bachelors,,1
2218,1:Bachelors,1:Bachelors,,0.999
2219,1:Bachelors,2:Masters,+,0.999
2220,2:Masters,2:Masters,,1
2221,1:Bachelors,1:Bachelors,,0.999
2222,1:Bachelors,1:Bachelors,,0.999
2223,1:Bachelors,1:Bachelors,,0.999
2224,1:Bachelors,1:Bachelors,,1
2225,1:Bachelors,1:Bachelors,,1
2226,1:Bachelors,1:Bachelors,,1
2227,1:Bachelors,1:Bachelors,,0.999
2228,1:Bachelors,1:Bachelors,,0.999
2229,1:Bachelors,1:Bachelors,,0.999
2230,2:Masters,2:Masters,,0.999
2231,1:Bachelors,1:Bachelors,,0.999
2232,3:PHD,1:Bachelors,+,1
2233,1:Bachelors,1:Bachelors,,1
2234,1:Bachelors,1:Bachelors,,0.999
2235,1:Bachelors,1:Bachelors,,0.999
2236,1:Bachelors,1:Bachelors,,1
2237,1:Bachelors,1:Bachelors,,0.5
2238,2:Masters,1:Bachelors,+,0.999
2239,1:Bachelors,1:Bachelors,,0.999
2240,1:Bachelors,2:Masters,+,1
2241,1:Bachelors,1:Bachelors,,0.667
2242,1:Bachelors,1:Bachelors,,0.999
2243,1:Bachelors,1:Bachelors,,1
2244,1:Bachelors,1:Bachelors,,0.999
2245,3:PHD,1:Bachelors,+,0.999
2246,1:Bachelors,2:Masters,+,0.999
2247,1:Bachelors,1:Bachelors,,0.999
2248,1:Bachelors,2:Masters,+,1
2249,2:Masters,2:Masters,,0.999
2250,1:Bachelors,1:Bachelors,,1
2251,1:Bachelors,1:Bachelors,,1
2252,1:Bachelors,1:Bachelors,,1
2253,1:Bachelors,1:Bachelors,,0.999
2254,1:Bachelors,1:Bachelors,,1
2255,1:Bachelors,1:Bachelors,,0.999
2256,1:Bachelors,2:Masters,+,0.999
2257,1:Bachelors,1:Bachelors,,1
2258,1:Bachelors,2:Masters,+,0.999
2259,1:Bachelors,1:Bachelors,,1
2260,1:Bachelors,1:Bachelors,,0.889
2261,2:Masters,2:Masters,,0.999
2262,1:Bachelors,1:Bachelors,,0.999
2263,1:Bachelors,1:Bachelors,,0.999
2264,1:Bachelors,1:Bachelors,,0.999
2265,1:Bachelors,1:Bachelors,,0.999
2266,1:Bachelors,1:Bachelors,,1
2267,1:Bachelors,1:Bachelors,,0.999
2268,1:Bachelors,2:Masters,+,0.999
2269,1:Bachelors,1:Bachelors,,0.999
2270,1:Bachelors,3:PHD,+,0.999
2271,1:Bachelors,1:Bachelors,,1
2272,1:Bachelors,1:Bachelors,,0.999
2273,1:Bachelors,1:Bachelors,,0.667
2274,1:Bachelors,1:Bachelors,,0.999
2275,1:Bachelors,1:Bachelors,,0.999
2276,2:Masters,3:PHD,+,0.999
2277,1:Bachelors,1:Bachelors,,0.999
2278,2:Masters,2:Masters,,0.999
2279,1:Bachelors,1:Bachelors,,1
2280,1:Bachelors,1:Bachelors,,0.8
2281,1:Bachelors,1:Bachelors,,1
2282,2:Masters,1:Bachelors,+,1
2283,1:Bachelors,1:Bachelors,,1
2284,1:Bachelors,1:Bachelors,,1
2285,1:Bachelors,1:Bachelors,,1
2286,1:Bachelors,1:Bachelors,,0.667
2287,2:Masters,1:Bachelors,+,0.889
2288,2:Masters,2:Masters,,0.999
2289,1:Bachelors,1:Bachelors,,0.833
2290,1:Bachelors,1:Bachelors,,1
2291,3:PHD,2:Masters,+,0.999
2292,1:Bachelors,1:Bachelors,,0.5
2293,1:Bachelors,1:Bachelors,,0.667
2294,1:Bachelors,1:Bachelors,,0.875
2295,1:Bachelors,1:Bachelors,,1
2296,1:Bachelors,1:Bachelors,,0.8
2297,1:Bachelors,1:Bachelors,,1
2298,1:Bachelors,1:Bachelors,,0.999
2299,1:Bachelors,1:Bachelors,,0.5
2300,2:Masters,1:Bachelors,+,0.5
2301,2:Masters,1:Bachelors,+,0.5
2302,2:Masters,1:Bachelors,+,0.999
2303,2:Masters,1:Bachelors,+,0.999
2304,1:Bachelors,1:Bachelors,,1
2305,1:Bachelors,1:Bachelors,,1
2306,1:Bachelors,1:Bachelors,,0.999
2307,1:Bachelors,1:Bachelors,,1
2308,2:Masters,1:Bachelors,+,0.583
2309,1:Bachelors,1:Bachelors,,1
2310,2:Masters,1:Bachelors,+,1
2311,1:Bachelors,1:Bachelors,,1
2312,1:Bachelors,1:Bachelors,,1
2313,1:Bachelors,1:Bachelors,,0.5
2314,1:Bachelors,1:Bachelors,,1
2315,1:Bachelors,1:Bachelors,,1
2316,2:Masters,1:Bachelors,+,0.999
2317,1:Bachelors,1:Bachelors,,0.999
2318,1:Bachelors,1:Bachelors,,0.999
2319,1:Bachelors,1:Bachelors,,1
2320,1:Bachelors,1:Bachelors,,0.5
2321,1:Bachelors,1:Bachelors,,1
2322,1:Bachelors,2:Masters,+,0.667
2323,1:Bachelors,1:Bachelors,,0.999
2324,2:Masters,2:Masters,,1
2325,1:Bachelors,1:Bachelors,,1
2326,2:Masters,1:Bachelors,+,0.999